1, Posterior
OFG_Checkbox.js:151 4, Anterior
OFG_Checkbox.js:151 11, Anterior
OFG_Checkbox.js:151 13, Vulva
OFG_Checkbox.js:151 1, Posterior
OFG_Checkbox.js:151 4, Anterior
OFG_Checkbox.js:151 11, Anterior
OFG_Checkbox.js:151 13, Vulva
OFG_Checkbox.js:151 17, Anterior
OFG_Checkbox.js:151 18, Anterior
OFG_Checkbox.js:151 23, Posterior
OFG_Checkbox.js:151 32, Anterior
OFG_Checkbox.js:151 33, Vulva
OFG_Checkbox.js:151 35, Body
OFG_Checkbox.js:151 36, Posterior
OFG_Checkbox.js:151 38, Anterior
OFG_Checkbox.js:151 39, Anterior
OFG_Checkbox.js:151 40, Anterior
OFG_Checkbox.js:151 42, Anterior
OFG_Checkbox.js:151 44, Anterior
OFG_Checkbox.js:151 45, Body
OFG_Checkbox.js:151 46, Anterior
OFG_Checkbox.js:151 48, Posterior
OFG_Checkbox.js:151 49, Vulva
OFG_Checkbox.js:151 50, Vulva
OFG_Checkbox.js:151 51, Anterior
OFG_Checkbox.js:151 52, Anterior
OFG_Checkbox.js:151 53, Posterior
OFG_Checkbox.js:151 54, Anterior
OFG_Checkbox.js:151 55, Lateral Field
OFG_Checkbox.js:151 56, Vulva
OFG_Checkbox.js:151 57, Anterior
OFG_Checkbox.js:151 58, Anterior
OFG_Checkbox.js:151 59, Anterior
OFG_Checkbox.js:151 60, Anterior
OFG_Checkbox.js:151 61, Vulva
OFG_Checkbox.js:151 62, Anterior
OFG_Checkbox.js:151 65, Anterior
OFG_Checkbox.js:151 66, Anterior
OFG_Checkbox.js:151 68, Body
OFG_Checkbox.js:151 70, Anterior
OFG_Checkbox.js:151 71, Posterior
OFG_Checkbox.js:151 72, Anterior
OFG_Checkbox.js:151 73, Anterior
OFG_Checkbox.js:151 74, Posterior
OFG_Checkbox.js:151 75, Posterior
OFG_Checkbox.js:151 76, Anterior
OFG_Checkbox.js:151 78, Anterior
OFG_Checkbox.js:151 79, Anterior
OFG_Checkbox.js:151 81, Anterior
OFG_Checkbox.js:151 82, Posterior
OFG_Checkbox.js:151 85, Posterior
OFG_Checkbox.js:151 86, Anterior
OFG_Checkbox.js:151 88, Anterior
OFG_Checkbox.js:151 89, Posterior
OFG_Checkbox.js:151 90, Vulva
OFG_Checkbox.js:151 91, Body
OFG_Checkbox.js:151 92, Anterior
OFG_Checkbox.js:151 93, Posterior
OFG_Checkbox.js:151 94, Anterior
OFG_Checkbox.js:151 95, Anterior
OFG_Checkbox.js:151 97, Anterior
OFG_Checkbox.js:151 98, Anterior
OFG_Checkbox.js:151 99, Posterior
OFG_Checkbox.js:151 100, Anterior
OFG_Checkbox.js:151 103, Body
OFG_Checkbox.js:151 105, Anterior
OFG_Checkbox.js:151 107, Posterior
OFG_Checkbox.js:151 108, Anterior
OFG_Checkbox.js:151 109, Anterior
OFG_Checkbox.js:151 110, Anterior
OFG_Checkbox.js:151 111, Posterior
OFG_Checkbox.js:151 113, Body
OFG_Checkbox.js:151 114, Posterior
OFG_Checkbox.js:151 115, Anterior
OFG_Checkbox.js:151 116, Anterior

Chromadorida→Achromadoridae→Achromadora
Chromadorida→Cyatholaimidae→Paracyatholaimus
Chromadorida→Ethmolaimidae→Ethmolaimus
OFG_Checkbox.js:151 118, Anterior
OFG_Checkbox.js:151 119, Anterior
OFG_Checkbox.js:151 120, Body
OFG_Checkbox.js:151 121, Anterior
OFG_Checkbox.js:151 122, Posterior
OFG_Checkbox.js:151 125, Anterior
Desmodorida→Epsilonematidae→Epsilonema
OFG_Checkbox.js:151 126, Posterior
OFG_Checkbox.js:151 128, Posterior
OFG_Checkbox.js:151 129, Anterior
OFG_Checkbox.js:151 130, Posterior
OFG_Checkbox.js:151 137, Body
Desmoscolecida→Desmoscolecidae→Desmoscolex

﻿
OFG_Checkbox.js:151 139, Body
OFG_Checkbox.js:151 140, Lateral Field
OFG_Checkbox.js:151 141, Posterior
OFG_Checkbox.js:151 142, Body
OFG_Checkbox.js:151 143, Anterior
OFG_Checkbox.js:151 146, Anterior
OFG_Checkbox.js:151 147, Lateral Field
OFG_Checkbox.js:151 148, Anterior
OFG_Checkbox.js:151 149, Body
OFG_Checkbox.js:151 150, Anterior
OFG_Checkbox.js:151 152, Posterior
OFG_Checkbox.js:151 153, Anterior
OFG_Checkbox.js:151 154, Anterior
OFG_Checkbox.js:151 155, Anterior
OFG_Checkbox.js:151 157, Anterior
OFG_Checkbox.js:151 161, Posterior
OFG_Checkbox.js:151 162, Anterior
OFG_Checkbox.js:151 165, Anterior
OFG_Checkbox.js:151 166, Anterior
OFG_Checkbox.js:151 167, Anterior
OFG_Checkbox.js:151 171, Anterior
OFG_Checkbox.js:151 172, Anterior
OFG_Checkbox.js:151 173, Body
OFG_Checkbox.js:151 174, Anterior
OFG_Checkbox.js:151 176, Lateral Field
OFG_Checkbox.js:151 177, Posterior
OFG_Checkbox.js:151 178, Body
OFG_Checkbox.js:151 180, Anterior
OFG_Checkbox.js:151 181, Anterior
OFG_Checkbox.js:151 184, Anterior
OFG_Checkbox.js:151 185, Vulva
OFG_Checkbox.js:151 187, Lateral Field
OFG_Checkbox.js:151 188, Posterior
OFG_Checkbox.js:151 189, Body
OFG_Checkbox.js:151 191, Anterior
OFG_Checkbox.js:151 192, Anterior
OFG_Checkbox.js:151 196, Anterior
OFG_Checkbox.js:151 198, Anterior
OFG_Checkbox.js:151 200, Anterior
OFG_Checkbox.js:151 202, Posterior
OFG_Checkbox.js:151 203, Anterior
OFG_Checkbox.js:151 204, Anterior
Dorylaimida→Actinolaimidae→Actinca
Dorylaimida→Actinolaimidae→Dominicactinolaimus
Dorylaimida→Actinolaimidae→Neoactinolaimus
Dorylaimida→Actinolaimidae→Paractinolaimus
OFG_Checkbox.js:151 205, Body
OFG_Checkbox.js:151 206, Anterior
OFG_Checkbox.js:151 207, Posterior
OFG_Checkbox.js:151 210, Anterior
OFG_Checkbox.js:151 211, Posterior
OFG_Checkbox.js:151 212, Posterior
OFG_Checkbox.js:151 213, Anterior
OFG_Checkbox.js:151 214, Anterior
OFG_Checkbox.js:151 216, Anterior
OFG_Checkbox.js:151 217, Vulva
OFG_Checkbox.js:151 218, Anterior
OFG_Checkbox.js:151 219, Anterior
OFG_Checkbox.js:151 220, Posterior
OFG_Checkbox.js:151 221, Vulva
OFG_Checkbox.js:151 223, Anterior
OFG_Checkbox.js:151 224, Vulva
OFG_Checkbox.js:151 225, Anterior
OFG_Checkbox.js:151 226, Anterior
OFG_Checkbox.js:151 227, Anterior
OFG_Checkbox.js:151 230, Vulva
OFG_Checkbox.js:151 231, Anterior
OFG_Checkbox.js:151 233, Vulva
OFG_Checkbox.js:151 234, Vulva
OFG_Checkbox.js:151 235, Anterior
OFG_Checkbox.js:151 236, Posterior
OFG_Checkbox.js:151 237, Anterior
OFG_Checkbox.js:151 239, Posterior
OFG_Checkbox.js:151 240, Vulva
OFG_Checkbox.js:151 241, Vulva
OFG_Checkbox.js:151 242, Anterior
OFG_Checkbox.js:151 243, Posterior
OFG_Checkbox.js:151 244, Anterior
OFG_Checkbox.js:151 245, Posterior
OFG_Checkbox.js:151 246, Posterior
OFG_Checkbox.js:151 247, Posterior
OFG_Checkbox.js:151 248, Anterior
OFG_Checkbox.js:151 250, Posterior
OFG_Checkbox.js:151 251, Anterior
OFG_Checkbox.js:151 252, Vulva
OFG_Checkbox.js:151 253, Posterior
OFG_Checkbox.js:151 254, Anterior
OFG_Checkbox.js:151 255, Anterior
OFG_Checkbox.js:151 258, Anterior
OFG_Checkbox.js:151 259, Anterior
OFG_Checkbox.js:151 260, Posterior
OFG_Checkbox.js:151 261, Body
OFG_Checkbox.js:151 262, Anterior
OFG_Checkbox.js:151 263, Vulva
OFG_Checkbox.js:151 264, Posterior
OFG_Checkbox.js:151 265, Anterior
OFG_Checkbox.js:151 266, Anterior
OFG_Checkbox.js:151 267, Anterior
OFG_Checkbox.js:151 269, Posterior
OFG_Checkbox.js:151 270, Anterior
OFG_Checkbox.js:151 271, Anterior
OFG_Checkbox.js:151 272, Anterior
OFG_Checkbox.js:151 273, Anterior
OFG_Checkbox.js:151 274, Posterior
OFG_Checkbox.js:151 275, Anterior
OFG_Checkbox.js:151 276, Posterior
OFG_Checkbox.js:151 277, Posterior
OFG_Checkbox.js:151 278, Posterior
OFG_Checkbox.js:151 280, Anterior
OFG_Checkbox.js:151 282, Vulva
OFG_Checkbox.js:151 283, Posterior
OFG_Checkbox.js:151 284, Body
OFG_Checkbox.js:151 285, Anterior
OFG_Checkbox.js:151 286, Anterior
OFG_Checkbox.js:151 287, Posterior
OFG_Checkbox.js:151 289, Vulva
OFG_Checkbox.js:151 291, Anterior
OFG_Checkbox.js:151 292, Anterior
OFG_Checkbox.js:151 293, Body
OFG_Checkbox.js:151 294, Anterior
OFG_Checkbox.js:151 295, Anterior
OFG_Checkbox.js:151 296, Posterior
OFG_Checkbox.js:151 297, Anterior
OFG_Checkbox.js:151 298, Posterior
OFG_Checkbox.js:151 299, Anterior
OFG_Checkbox.js:151 300, Posterior
OFG_Checkbox.js:151 301, Anterior
OFG_Checkbox.js:151 302, Posterior
OFG_Checkbox.js:151 303, Posterior
OFG_Checkbox.js:151 304, Anterior
OFG_Checkbox.js:151 305, Posterior
OFG_Checkbox.js:151 306, Posterior
OFG_Checkbox.js:151 307, Anterior
OFG_Checkbox.js:151 309, Posterior
OFG_Checkbox.js:151 310, Anterior
OFG_Checkbox.js:151 311, Anterior
OFG_Checkbox.js:151 312, Vulva
OFG_Checkbox.js:151 313, Posterior
OFG_Checkbox.js:151 314, Posterior
OFG_Checkbox.js:151 315, Vulva
OFG_Checkbox.js:151 316, Posterior
OFG_Checkbox.js:151 317, Anterior
OFG_Checkbox.js:151 319, Posterior
OFG_Checkbox.js:151 320, Body
OFG_Checkbox.js:151 321, Anterior
OFG_Checkbox.js:151 322, Anterior
OFG_Checkbox.js:151 323, Posterior
OFG_Checkbox.js:151 324, Anterior
OFG_Checkbox.js:151 326, Posterior
OFG_Checkbox.js:151 327, Anterior
OFG_Checkbox.js:151 329, Posterior
OFG_Checkbox.js:151 330, Anterior
OFG_Checkbox.js:151 332, Posterior
OFG_Checkbox.js:151 333, Body
OFG_Checkbox.js:151 335, Anterior
OFG_Checkbox.js:151 337, Posterior
OFG_Checkbox.js:151 338, Anterior
OFG_Checkbox.js:151 339, Anterior
OFG_Checkbox.js:151 340, Anterior
OFG_Checkbox.js:151 341, Posterior
OFG_Checkbox.js:151 342, Posterior
OFG_Checkbox.js:151 343, Posterior
OFG_Checkbox.js:151 345, Anterior
OFG_Checkbox.js:151 346, Posterior
OFG_Checkbox.js:151 347, Anterior
OFG_Checkbox.js:151 348, Anterior
OFG_Checkbox.js:151 349, Posterior
OFG_Checkbox.js:151 350, Anterior
OFG_Checkbox.js:151 351, Anterior
OFG_Checkbox.js:151 352, Posterior
OFG_Checkbox.js:151 353, Body
OFG_Checkbox.js:151 354, Anterior
OFG_Checkbox.js:151 355, Anterior
OFG_Checkbox.js:151 359, Anterior
OFG_Checkbox.js:151 360, Anterior
OFG_Checkbox.js:151 361, Body
OFG_Checkbox.js:151 362, Anterior
OFG_Checkbox.js:151 363, Vulva
OFG_Checkbox.js:151 364, Posterior
OFG_Checkbox.js:151 366, Anterior
OFG_Checkbox.js:151 367, Posterior
OFG_Checkbox.js:151 368, Vulva
OFG_Checkbox.js:151 369, Anterior
OFG_Checkbox.js:151 370, Vulva
OFG_Checkbox.js:151 371, Vulva
OFG_Checkbox.js:151 372, Anterior
OFG_Checkbox.js:151 373, Anterior
OFG_Checkbox.js:151 374, Body
OFG_Checkbox.js:151 375, Anterior
OFG_Checkbox.js:151 376, Body
OFG_Checkbox.js:151 378, Posterior
OFG_Checkbox.js:151 379, Anterior
OFG_Checkbox.js:151 381, Posterior
OFG_Checkbox.js:151 382, Posterior
OFG_Checkbox.js:151 384, Vulva
OFG_Checkbox.js:151 385, Anterior
OFG_Checkbox.js:151 386, Body
OFG_Checkbox.js:151 387, Body
OFG_Checkbox.js:151 388, Anterior
OFG_Checkbox.js:151 389, Vulva
OFG_Checkbox.js:151 390, Posterior
OFG_Checkbox.js:151 391, Posterior
OFG_Checkbox.js:151 392, Body
OFG_Checkbox.js:151 393, Anterior
OFG_Checkbox.js:151 395, Vulva
OFG_Checkbox.js:151 396, Posterior
OFG_Checkbox.js:151 397, Posterior
OFG_Checkbox.js:151 398, Anterior
OFG_Checkbox.js:151 400, Anterior
OFG_Checkbox.js:151 401, Posterior
OFG_Checkbox.js:151 402, Anterior
OFG_Checkbox.js:151 403, Posterior
OFG_Checkbox.js:151 404, Body
OFG_Checkbox.js:151 405, Posterior
OFG_Checkbox.js:151 406, Anterior
OFG_Checkbox.js:151 407, Body
OFG_Checkbox.js:151 408, Anterior
OFG_Checkbox.js:151 409, Posterior
OFG_Checkbox.js:151 410, Posterior
OFG_Checkbox.js:151 411, Vulva
OFG_Checkbox.js:151 412, Anterior
OFG_Checkbox.js:151 413, Body
OFG_Checkbox.js:151 414, Body
OFG_Checkbox.js:151 416, Anterior
OFG_Checkbox.js:151 417, Posterior
OFG_Checkbox.js:151 418, Anterior
OFG_Checkbox.js:151 419, Posterior
OFG_Checkbox.js:151 420, Anterior
OFG_Checkbox.js:151 421, Posterior
OFG_Checkbox.js:151 422, Anterior
OFG_Checkbox.js:151 424, Vulva
OFG_Checkbox.js:151 425, Anterior
OFG_Checkbox.js:151 426, Anterior
OFG_Checkbox.js:151 427, Vulva
OFG_Checkbox.js:151 428, Posterior
OFG_Checkbox.js:151 429, Anterior
OFG_Checkbox.js:151 430, Body
OFG_Checkbox.js:151 431, Anterior
OFG_Checkbox.js:151 432, Anterior
OFG_Checkbox.js:151 433, Anterior
OFG_Checkbox.js:151 434, Anterior
OFG_Checkbox.js:151 436, Body
OFG_Checkbox.js:151 437, Anterior
OFG_Checkbox.js:151 438, Posterior
OFG_Checkbox.js:151 439, Vulva
OFG_Checkbox.js:151 440, Posterior
OFG_Checkbox.js:151 441, Vulva
OFG_Checkbox.js:151 442, Vulva
OFG_Checkbox.js:151 443, Posterior
OFG_Checkbox.js:151 444, Anterior
OFG_Checkbox.js:151 446, Body
OFG_Checkbox.js:151 447, Vulva
OFG_Checkbox.js:151 448, Vulva
OFG_Checkbox.js:151 449, Anterior
OFG_Checkbox.js:151 450, Vulva
OFG_Checkbox.js:151 451, Anterior
OFG_Checkbox.js:151 452, Vulva
OFG_Checkbox.js:151 453, Anterior
OFG_Checkbox.js:151 454, Anterior
OFG_Checkbox.js:151 455, Posterior
OFG_Checkbox.js:151 456, Body
OFG_Checkbox.js:151 458, Anterior
OFG_Checkbox.js:151 460, Posterior
OFG_Checkbox.js:151 461, Anterior
OFG_Checkbox.js:151 463, Posterior
OFG_Checkbox.js:151 465, Anterior
OFG_Checkbox.js:151 466, Anterior
OFG_Checkbox.js:151 467, Body
OFG_Checkbox.js:151 468, Anterior
OFG_Checkbox.js:151 469, Posterior
OFG_Checkbox.js:151 470, Anterior
OFG_Checkbox.js:151 471, Body
OFG_Checkbox.js:151 472, Anterior
OFG_Checkbox.js:151 473, Anterior
OFG_Checkbox.js:151 474, Body
OFG_Checkbox.js:151 475, Posterior
OFG_Checkbox.js:151 476, Body
OFG_Checkbox.js:151 477, Anterior
OFG_Checkbox.js:151 478, Posterior
OFG_Checkbox.js:151 479, Posterior
OFG_Checkbox.js:151 480, Posterior
OFG_Checkbox.js:151 482, Posterior
OFG_Checkbox.js:151 483, Anterior
OFG_Checkbox.js:151 484, Anterior
OFG_Checkbox.js:151 486, Vulva
OFG_Checkbox.js:151 487, Posterior
OFG_Checkbox.js:151 488, Anterior
OFG_Checkbox.js:151 490, Anterior
OFG_Checkbox.js:151 491, Posterior
OFG_Checkbox.js:151 492, Anterior
OFG_Checkbox.js:151 493, Posterior
OFG_Checkbox.js:151 494, Posterior
OFG_Checkbox.js:151 495, Anterior
OFG_Checkbox.js:151 496, Posterior
OFG_Checkbox.js:151 497, Anterior
OFG_Checkbox.js:151 498, Posterior
OFG_Checkbox.js:151 499, Body
OFG_Checkbox.js:151 500, Anterior
OFG_Checkbox.js:151 501, Vulva
OFG_Checkbox.js:151 502, Body
OFG_Checkbox.js:151 504, Anterior
OFG_Checkbox.js:151 506, Vulva
OFG_Checkbox.js:151 507, Posterior
OFG_Checkbox.js:151 508, Body
OFG_Checkbox.js:151 509, Anterior
OFG_Checkbox.js:151 510, Posterior
OFG_Checkbox.js:151 512, Posterior
OFG_Checkbox.js:151 514, Vulva
OFG_Checkbox.js:151 515, Posterior
OFG_Checkbox.js:151 516, Anterior
OFG_Checkbox.js:151 517, Anterior
OFG_Checkbox.js:151 519, Vulva
OFG_Checkbox.js:151 520, Vulva
OFG_Checkbox.js:151 522, Anterior
OFG_Checkbox.js:151 523, Anterior
OFG_Checkbox.js:151 525, Anterior
OFG_Checkbox.js:151 526, Anterior
OFG_Checkbox.js:151 527, Posterior
OFG_Checkbox.js:151 528, Posterior
OFG_Checkbox.js:151 529, Posterior
OFG_Checkbox.js:151 530, Anterior
OFG_Checkbox.js:151 531, Anterior
OFG_Checkbox.js:151 532, Body
OFG_Checkbox.js:151 533, Anterior
OFG_Checkbox.js:151 535, Posterior
OFG_Checkbox.js:151 536, Anterior
OFG_Checkbox.js:151 537, Posterior
OFG_Checkbox.js:151 538, Anterior
OFG_Checkbox.js:151 540, Posterior
OFG_Checkbox.js:151 541, Body
OFG_Checkbox.js:151 542, Anterior
OFG_Checkbox.js:151 543, Anterior
OFG_Checkbox.js:151 544, Posterior
OFG_Checkbox.js:151 545, Anterior
OFG_Checkbox.js:151 546, Posterior
OFG_Checkbox.js:151 547, Anterior
OFG_Checkbox.js:151 548, Anterior
OFG_Checkbox.js:151 549, Posterior
OFG_Checkbox.js:151 550, Anterior
OFG_Checkbox.js:151 551, Posterior
OFG_Checkbox.js:151 552, Posterior
OFG_Checkbox.js:151 553, Vulva
OFG_Checkbox.js:151 555, Anterior
OFG_Checkbox.js:151 556, Anterior
OFG_Checkbox.js:151 557, Vulva
OFG_Checkbox.js:151 558, Posterior
OFG_Checkbox.js:151 559, Vulva
OFG_Checkbox.js:151 560, Anterior
OFG_Checkbox.js:151 561, Posterior
OFG_Checkbox.js:151 562, Posterior
OFG_Checkbox.js:151 564, Anterior
OFG_Checkbox.js:151 565, Anterior
OFG_Checkbox.js:151 566, Posterior
OFG_Checkbox.js:151 567, Posterior
OFG_Checkbox.js:151 570, Body
OFG_Checkbox.js:151 571, Anterior
OFG_Checkbox.js:151 572, Vulva
OFG_Checkbox.js:151 573, Posterior
OFG_Checkbox.js:151 574, Anterior
OFG_Checkbox.js:151 575, Anterior
OFG_Checkbox.js:151 577, Vulva
OFG_Checkbox.js:151 578, Posterior
OFG_Checkbox.js:151 579, Posterior
OFG_Checkbox.js:151 582, Anterior
OFG_Checkbox.js:151 583, Anterior
OFG_Checkbox.js:151 584, Anterior
OFG_Checkbox.js:151 585, Posterior
OFG_Checkbox.js:151 586, Anterior
OFG_Checkbox.js:151 587, Anterior
OFG_Checkbox.js:151 588, Posterior
OFG_Checkbox.js:151 589, Anterior
OFG_Checkbox.js:151 590, Anterior
OFG_Checkbox.js:151 591, Posterior
OFG_Checkbox.js:151 592, Anterior
OFG_Checkbox.js:151 593, Anterior
OFG_Checkbox.js:151 594, Posterior
OFG_Checkbox.js:151 595, Anterior
OFG_Checkbox.js:151 597, Vulva
OFG_Checkbox.js:151 598, Posterior
OFG_Checkbox.js:151 599, Posterior
OFG_Checkbox.js:151 600, Posterior
OFG_Checkbox.js:151 601, Posterior
OFG_Checkbox.js:151 602, Body
OFG_Checkbox.js:151 603, Posterior
OFG_Checkbox.js:151 604, Vulva
OFG_Checkbox.js:151 605, Anterior
OFG_Checkbox.js:151 606, Anterior
OFG_Checkbox.js:151 607, Anterior
OFG_Checkbox.js:151 608, Posterior
OFG_Checkbox.js:151 609, Vulva
OFG_Checkbox.js:151 610, Posterior
OFG_Checkbox.js:151 611, Anterior
OFG_Checkbox.js:151 612, Posterior
OFG_Checkbox.js:151 613, Anterior
OFG_Checkbox.js:151 615, Posterior
OFG_Checkbox.js:151 617, Anterior
OFG_Checkbox.js:151 618, Anterior
OFG_Checkbox.js:151 619, Vulva
OFG_Checkbox.js:151 620, Anterior
OFG_Checkbox.js:151 621, Body
OFG_Checkbox.js:151 622, Anterior
OFG_Checkbox.js:151 623, Anterior
OFG_Checkbox.js:151 624, Vulva
OFG_Checkbox.js:151 625, Posterior
OFG_Checkbox.js:151 626, Posterior
OFG_Checkbox.js:151 627, Vulva
OFG_Checkbox.js:151 628, Anterior
OFG_Checkbox.js:151 629, Body
OFG_Checkbox.js:151 630, Anterior
OFG_Checkbox.js:151 631, Anterior
OFG_Checkbox.js:151 632, Anterior
OFG_Checkbox.js:151 633, Anterior
OFG_Checkbox.js:151 634, Anterior
OFG_Checkbox.js:151 635, Posterior
OFG_Checkbox.js:151 636, Anterior
OFG_Checkbox.js:151 638, Posterior
OFG_Checkbox.js:151 640, Anterior
OFG_Checkbox.js:151 641, Anterior
OFG_Checkbox.js:151 642, Vulva
OFG_Checkbox.js:151 643, Posterior
OFG_Checkbox.js:151 645, Vulva
OFG_Checkbox.js:151 646, Anterior
OFG_Checkbox.js:151 647, Vulva
OFG_Checkbox.js:151 648, Posterior
OFG_Checkbox.js:151 649, Body
OFG_Checkbox.js:151 650, Posterior
OFG_Checkbox.js:151 651, Vulva
OFG_Checkbox.js:151 653, Anterior
OFG_Checkbox.js:151 654, Anterior
OFG_Checkbox.js:151 655, Anterior
OFG_Checkbox.js:151 658, Posterior
OFG_Checkbox.js:151 659, Anterior
OFG_Checkbox.js:151 660, Posterior
OFG_Checkbox.js:151 661, Anterior
OFG_Checkbox.js:151 662, Vulva
OFG_Checkbox.js:151 663, Vulva
OFG_Checkbox.js:151 664, Posterior
OFG_Checkbox.js:151 667, Anterior
OFG_Checkbox.js:151 668, Anterior
OFG_Checkbox.js:151 669, Posterior
OFG_Checkbox.js:151 670, Anterior
OFG_Checkbox.js:151 671, Anterior
OFG_Checkbox.js:151 672, Anterior
OFG_Checkbox.js:151 674, Posterior
OFG_Checkbox.js:151 676, Posterior
OFG_Checkbox.js:151 677, Anterior
OFG_Checkbox.js:151 678, Body
OFG_Checkbox.js:151 679, Posterior
OFG_Checkbox.js:151 680, Vulva
OFG_Checkbox.js:151 682, Anterior
OFG_Checkbox.js:151 683, Anterior
OFG_Checkbox.js:151 684, Vulva
OFG_Checkbox.js:151 685, Vulva
OFG_Checkbox.js:151 686, Anterior
OFG_Checkbox.js:151 687, Anterior
OFG_Checkbox.js:151 689, Posterior
OFG_Checkbox.js:151 690, Anterior
OFG_Checkbox.js:151 691, Posterior
OFG_Checkbox.js:151 693, Posterior
OFG_Checkbox.js:151 694, Anterior
OFG_Checkbox.js:151 697, Anterior
OFG_Checkbox.js:151 699, Anterior
OFG_Checkbox.js:151 700, Anterior
OFG_Checkbox.js:151 702, Posterior
OFG_Checkbox.js:151 703, Anterior
OFG_Checkbox.js:151 704, Anterior
OFG_Checkbox.js:151 705, Anterior
OFG_Checkbox.js:151 706, Posterior
OFG_Checkbox.js:151 707, Body
OFG_Checkbox.js:151 709, Anterior
OFG_Checkbox.js:151 711, Vulva
OFG_Checkbox.js:151 712, Vulva
OFG_Checkbox.js:151 713, Posterior
OFG_Checkbox.js:151 714, Body
OFG_Checkbox.js:151 715, Posterior
OFG_Checkbox.js:151 716, Body
OFG_Checkbox.js:151 717, Anterior
OFG_Checkbox.js:151 718, Anterior
OFG_Checkbox.js:151 719, Vulva
OFG_Checkbox.js:151 720, Posterior
OFG_Checkbox.js:151 721, Anterior
OFG_Checkbox.js:151 722, Vulva
OFG_Checkbox.js:151 723, Posterior
OFG_Checkbox.js:151 724, Anterior
OFG_Checkbox.js:151 725, Anterior
OFG_Checkbox.js:151 727, Vulva
OFG_Checkbox.js:151 728, Posterior
OFG_Checkbox.js:151 729, Anterior
OFG_Checkbox.js:151 730, Anterior
OFG_Checkbox.js:151 731, Posterior
OFG_Checkbox.js:151 732, Posterior
OFG_Checkbox.js:151 733, Vulva
OFG_Checkbox.js:151 735, Posterior
OFG_Checkbox.js:151 736, Body
OFG_Checkbox.js:151 737, Body
OFG_Checkbox.js:151 738, Vulva
OFG_Checkbox.js:151 739, Posterior
OFG_Checkbox.js:151 740, Body
OFG_Checkbox.js:151 741, Anterior
OFG_Checkbox.js:151 743, Vulva
OFG_Checkbox.js:151 744, Posterior
OFG_Checkbox.js:151 745, Body
OFG_Checkbox.js:151 746, Anterior
OFG_Checkbox.js:151 748, Posterior
OFG_Checkbox.js:151 749, Vulva
OFG_Checkbox.js:151 750, Posterior
OFG_Checkbox.js:151 751, Anterior
OFG_Checkbox.js:151 753, Posterior
OFG_Checkbox.js:151 755, Posterior
OFG_Checkbox.js:151 756, Anterior
OFG_Checkbox.js:151 757, Body
OFG_Checkbox.js:151 758, Posterior
OFG_Checkbox.js:151 759, Vulva
OFG_Checkbox.js:151 760, Vulva
OFG_Checkbox.js:151 762, Anterior
OFG_Checkbox.js:151 763, Anterior
OFG_Checkbox.js:151 765, Posterior
OFG_Checkbox.js:151 766, Anterior
OFG_Checkbox.js:151 768, Anterior
OFG_Checkbox.js:151 769, Anterior
OFG_Checkbox.js:151 771, Posterior
OFG_Checkbox.js:151 772, Anterior
OFG_Checkbox.js:151 774, Anterior
OFG_Checkbox.js:151 775, Anterior
OFG_Checkbox.js:151 777, Anterior
OFG_Checkbox.js:151 778, Posterior
OFG_Checkbox.js:151 779, Posterior
OFG_Checkbox.js:151 780, Anterior
OFG_Checkbox.js:151 781, Posterior
OFG_Checkbox.js:151 782, Anterior
OFG_Checkbox.js:151 783, Anterior
OFG_Checkbox.js:151 784, Posterior
OFG_Checkbox.js:151 785, Anterior
OFG_Checkbox.js:151 786, Anterior
OFG_Checkbox.js:151 787, Body
OFG_Checkbox.js:151 788, Anterior
OFG_Checkbox.js:151 790, Posterior
OFG_Checkbox.js:151 791, Posterior
OFG_Checkbox.js:151 792, Anterior
OFG_Checkbox.js:151 795, Posterior
OFG_Checkbox.js:151 796, Body
OFG_Checkbox.js:151 798, Anterior
OFG_Checkbox.js:151 799, Posterior
OFG_Checkbox.js:151 800, Anterior
OFG_Checkbox.js:151 801, Anterior
OFG_Checkbox.js:151 802, Posterior
OFG_Checkbox.js:151 805, Anterior
OFG_Checkbox.js:151 806, Posterior
OFG_Checkbox.js:151 807, Anterior
OFG_Checkbox.js:151 809, Body
OFG_Checkbox.js:151 810, Posterior
OFG_Checkbox.js:151 811, Posterior
OFG_Checkbox.js:151 813, Anterior
OFG_Checkbox.js:151 814, Posterior
OFG_Checkbox.js:151 815, Vulva
OFG_Checkbox.js:151 816, Anterior
OFG_Checkbox.js:151 817, Anterior
OFG_Checkbox.js:151 819, Posterior
OFG_Checkbox.js:151 820, Anterior
OFG_Checkbox.js:151 822, Anterior
OFG_Checkbox.js:151 823, Anterior
OFG_Checkbox.js:151 824, Vulva
OFG_Checkbox.js:151 825, Posterior
OFG_Checkbox.js:151 827, Posterior
OFG_Checkbox.js:151 828, Body
OFG_Checkbox.js:151 829, Anterior
OFG_Checkbox.js:151 832, Vulva
OFG_Checkbox.js:151 833, Posterior
OFG_Checkbox.js:151 834, Anterior
OFG_Checkbox.js:151 835, Posterior
OFG_Checkbox.js:151 836, Anterior
Dorylaimida→Aporcelaimidae→Akrotonus
Dorylaimida→Aporcelaimidae→Aporcelaimellus
Dorylaimida→Aporcelaimidae→Aporcelaimium
Dorylaimida→Aporcelaimidae→Aporcelaimus
Dorylaimida→Aporcelaimidae→Sectonema
Dorylaimida→Aporcelaimidae→Takamangai

