Genus,Species Count
Abathymermis,18
Abbreviata,2
Abelbolla,5
Abirovulva,1
Ablechroiulus,18
Aborjinia,3
Abursanema,2
Acanthocheilonema,4
Acanthocheilus,6
Acantholaimus,50
Acanthomicrolaimus,1
Acanthonchus,10
Acanthopharynx,19
Acanthorhabdias,1
Acanthostrongylus,1
Acanthoxyurus,6
Acanthungella,0
Acephalodorylaimus,1
Acheilostoma,0
Achlysiella,6
Achromadora,31
Ackertia,0
Acmaeolaimus,1
Acontylus,0
Acrobeles,50
Acrobelinema,1
Acrobeloides,50
Acrobelophis,11
Acrolobus,2
Acromoldavicus,3
Acronema,1
Acrostichus,43
Acroukrainicus,1
Actinolaimoides,10
Actinolaimus,40
Actinonema,16
Actus,6
Acuaria,17
Acugutturus,0
Aculonchus,6
Acunemella,1
Adelonema,0
Adelphos,1
Adenodelphis,1
Adenolaimus,7
Adieronema,0
Admirandus,5
Adoncholaimus,32
Aduncospiculum,1
Adungella,3
Aegialoalaimus,15
Aelurostrongylus,3
Aenigmenchus,0
Aequalodontium,1
Aetholaimus,5
Afenestrata,6
Afractinca,5
Afractinolaimus,5
Africana,1
Africanema,2
Africanthion,1
Afrina,1
Afritylenchus,0
Afrocarnoya,1
Afrodorylaimus,14
Afronygus,1
Afrophilometra,1
Agamascaris,1
Agamermis,18
Agamofilaria,0
Agamomermis,16
Agamospirura,1
Agfa,3
Aglenchus,18
Agmodorus,5
Agriostomum,0
Akanthepsilonema,3
Akrotonus,1
Alaeuris,41
Alaimella,3
Alaimonema,1
Alaimus,50
Alainchabaudia,0
Alaninema,3
Albiziaphelenchus,1
Algoanema,1
Aliascaris,2
Alinema,2
Alippistrongylus,1
Alirhabditis,2
Allantonema,11
Allintoshius,0
Allodapa,4
Allodiplogaster,37
Allodorylaimus,30
Alloionema,5
Allomermis,4
Allotrichodorus,7
Allotylenchus,1
Alocostoma,0
Amblydorylaimus,1
Amblyonema,0
Amidostomoides,0
Amidostomum,14
Ammotheristus,2
Amphibelondira,3
Amphibiocapillaria,4
Amphibiogoezia,0
Amphibiomermis,18
Amphibiophilus,6
Amphicephaloides,0
Amphidelus,39
Amphidomermis,11
Amphidorylaimus,8
Amphimermis,17
Amphimonhystera,10
Amphimonhystrella,8
Amphisakis,0
Amphisbaenema,3
Amphispira,1
Amplicaecum,8
Amplimerlinius,27
Anadorella,1
Anandranema,0
Ananus,1
Anaplectus,19
Anaspiculuris,1
Anatonchus,28
Anatrichosoma,0
Anchidiplogaster,8
Anchobelondira,1
Ancylostoma,6
Ancyracanthopsis,4
Ancyracanthus,5
Andersonfilaria,0
Andersonstrongylus,0
Andrassya,3
Angiocaulus,1
Angiostoma,26
Angiostrongylus,7
Anguillicola,7
Anguillicoloides,4
Anguillonema,4
Anguillula,25
Anguina,7
Anguinoides,2
Angulocirrus,0
Angusticaecum,4
Angustinema,1
Anisakis,35
Anivanema,1
Anomalomermis,2
Anomalostoma,1
Anomonema,2
Anomyctus,1
Anoncholaimus,1
Anonchus,11
Anoplostoma,28
Anoplostrongylus,1
Antarctenchus,3
Antarcticonema,3
Antarctylus,0
Antechiniella,1
Antechinostrongylus,0
Antholaimus,3
Anthonema,2
Anticoma,50
Anticomopsis,6
Anticyathus,8
Anticyclus,8
Antomicron,11
Antopus,1
Anuronema,1
Aonchotheca,31
Aorolaimus,1
Aoruroides,6
Aorurus,8
Apenodraconema,2
Aphanimermis,0
Aphanolaimus,47
Aphanonchus,8
Aphasmatylenchus,0
Aphelenchoides,50
Aphelenchulus,7
Aphelenchus,36
Apifilaria,1
Aplectana,50
Apodontium,3
Apoleptonchus,1
Aponchium,2
Aponcholaimus,1
Aponema,18
Aporcedorus,2
Aporcelaimellus,50
Aporcelaimus,49
Aporcelinus,34
Aporcella,22
Apratylenchoides,3
Apratylenchus,2
Aprocta,7
Aproctella,0
Aproctiana,0
Aproctoides,0
Aproctonema,3
Aprutides,2
Aquaemermis,4
Aquatides,15
Arabanema,1
Arachnomermis,2
Araeolaimus,50
Araguanema,1
Aranimermis,3
Arboritynchus,0
Archeonema,1
Archeostrongylus,1
Archepsilonema,8
Arctidorylaimus,5
Arctiplectus,1
Arenasoma,1
Arganema,1
Arnfieldia,0
Aronema,1
Arthrocephalus,1
Arthrostoma,1
Artigasia,39
Arundelia,0
Asakawanema,1
Ascaridia,0
Ascaris,50
Ascarites,1
Ascarophis,50
Ascarops,1
Ascaroterakis,0
Ascolaimus,3
Ashworthius,2
Asperotobrilus,5
Aspiculuris,21
Aspidodera,0
Aspidonema,6
Astomonema,5
Asymmelaimus,1
Asymmetracantha,0
Asymmetrella,1
Atalodera,0
Ataronema,1
Atetylenchus,9
Athernema,1
Athusia,0
Atlantadorus,0
Atractis,12
Atrochromadora,5
Atylenchus,1
Auanema,9
Auchenacantha,3
Aulacnema,1
Aulolaimoides,6
Aulolaimus,25
Aulonocephalus,0
Aulosphora,10
Australodorus,1
Austraplectana,2
Austromermis,1
Austronema,1
Austrostrongylus,0
Austroxyuris,1
Avellaria,0
Aviculariella,0
Avifilaris,0
Avilandras,0
Avioserpens,2
Axonchium,50
Axonchoides,2
Axonolaimus,48
Baikalomermis,9
Bainechina,0
Bairdascaris,0
Bakeria,1
Bakernema,6
Baladorylaimus,1
Baldwinema,3
Bancroftinema,0
Baqriella,2
Barbonema,4
Barracudia,3
Baruscapillaria,18
Basilaphelenchus,8
Basirella,1
Basiria,50
Basirotyleptus,34
Bastiania,9
Bathmostomum,0
Bathychaetosoma,1
Bathyepsilonema,18
Bathyeurystomina,3
Bathylaimella,1
Bathylaimus,43
Bathymermis,21
Bathynox,1
Bathyodontus,3
Batracholandros,5
Batrachonema,0
Batrachostrongylus,0
Baujardia,1
Bauruascaris,2
Baylisascaris,7
Bealius,1
Beaninema,0
Befilaria,0
Belaxellus,1
Belbolla,22
Belgopeltula,1
Bellodera,0
Belondira,48
Belondirella,3
Belonolaimus,11
Bendiella,3
Benthimermis,30
Berntsenus,0
Bertzuckermania,1
Betulodera,1
Beveridgea,0
Beveridgiella,0
Bhalfilaria,0
Biacantha,0
Biarmifer,5
Bicirronema,3
Bidentostomum,0
Bidigiticauda,1
Biguetius,1
Bilobodera,0
Bilobostoma,1
Binema,15
Bioccastrongylus,0
Biogastranema,0
Bisbalia,0
Bispiculum,1
Bissonema,1
Bitylenchus,44
Blaberinema,1
Blandicephalanema,6
Blanusia,1
Blatticola,11
Blattophila,15
Blazionema,1
Blepharomermis,1
Bodonema,1
Boehmiella,0
Bolbellia,1
Bolbinium,1
Bolbolaimus,22
Bolbonema,7
Boleodorus,36
Bongersia,1
Boomerangia,2
Boraceianema,1
Borania,0
Boreolaimus,8
Boreomicrolaimoides,1
Borrellostrongylus,1
Bostrichodera,0
Boucherius,2
Bourgelatia,0
Bourgelatioides,0
Bovienema,4
Boydinema,0
Brachonchulus,2
Brachyclonus,0
Brachydorus,3
Bradybucca,2
Bradylaimus,2
Bradynema,8
Bradypostrongylus,0
Brasilaimus,18
Brasilnema,2
Breinlia,1
Brevibucca,4
Brevigraphidium,0
Brevinema,0
Brevistriata,3
Brevithominx,0
Brevitobrilus,13
Brittonema,6
Bronchonema,0
Brugia,0
Brumptaemilius,14
Brygoonema,0
Buccolaimus,1
Buckleyatractis,1
Buckleyella,2
Buckleynema,4
Buetschlinema,6
Bufonerakis,1
Bullaenema,1
Bunomystrongylus,1
Bunonema,27
Bunostomum,2
Burmanema,0
Bursadera,1
Bursaphelenchus,50
Bursilla,9
Butlerius,18
Buzionema,1
Caballeronema,2
Caballonema,0
Cacolaimus,1
Cacopaurus,2
Cactodera,18
Caenorhabditis,50
Caenostrongylus,0
Cagourakis,0
Calcaridorylaimus,11
Californidorus,4
Caligocanna,2
Calligyrus,2
Callistoura,1
Calodium,7
Calolaimus,7
Calomicrolaimus,15
Caloosia,19
Calypsostrongylus,2
Calyptronema,21
Camacolaimus,50
Camallanides,0
Camallanus,50
Camelodera,0
Camelostrongylus,5
Cameronecator,0
Cameronia,2
Campanarougetia,0
Campbellenchus,2
Camponotimermis,2
Campydora,2
Campydoroides,1
Campylaimus,25
Capillaria,8
Capillospirura,3
Capillostrongyloides,10
Capilonchus,2
Capitomermis,9
Caprionchulus,1
Captivonema,1
Caputonchus,1
Carabonema,1
Caranginema,1
Carcharodiscus,9
Carcharolaimus,25
Cardianema,0
Cardiofilaria,1
Cardiostrongylus,0
Caribenema,5
Caribplectus,2
Carinoscapter,1
Carlosia,1
Carnoya,29
Carnoychaeta,1
Carolinensis,1
Caroloxyuris,1
Carostrongylus,0
Carphodorus,1
Caryboca,4
Cascofilaria,3
Cassunema,0
Castorstrongylus,0
Catanema,8
Catoralaimellus,1
Cattiena,2
Caveonchus,4
Caviputa,10
Cenolaimus,2
Cephalanticoma,4
Cephalenchus,24
Cephalobellus,36
Cephalobium,13
Cephaloboides,13
Cephalobus,50
Cephalochaetosoma,2
Cephalodorylaimus,2
Cephaluris,7
Ceramonema,34
Ceratomermis,1
Ceratoplectus,8
Ceratosolenus,2
Ceratospira,0
Cercogylus,0
Cercopithifilaria,2
Cervidellus,37
Cervoannulatus,1
Cervonema,20
Cervonemella,0
Chabaudechina,0
Chabaudiella,0
Chabaudistrongylus,2
Chabaudstrongylus,0
Chabertia,2
Chabertiella,0
Chabfilaria,0
Chabirenia,0
Chaetonema,10
Chalcidonema,1
Chambersiella,3
Chandlerella,5
Chandleronema,0
Chapiniella,1
Cheilobus,6
Cheilonematodum,0
Cheilospirura,2
Cheironchus,10
Cheiropteronema,0
Cheloniheterakis,0
Cherylia,0
Chevreuxia,2
Chilenchus,1
Chilonema,1
Chiloplacoides,1
Chiloplacus,50
Chiloplectus,8
Chiropterofilaria,0
Chisholmia,2
Chitinotylenchus,2
Chitwoodchabaudia,0
Chitwoodia,5
Chitwoodiella,6
Chitwoodiellus,6
Chitwoodieloides,3
Chitwoodius,16
Chitwoodspirura,0
Chlamydoprocta,0
Chloronemella,1
Choanolaimus,1
Chondronema,0
Choniangium,1
Choniolaimus,9
Chordatortilis,0
Chordocephalus,1
Choriorhabditis,28
Christiella,4
Chromadora,50
Chromadorella,29
Chromadorina,43
Chromadorissa,4
Chromadorita,50
Chromadoropsis,7
Chromaspirina,36
Chronogaster,50
Chrysomelimermis,0
Chrysonema,1
Chylorhabditis,1
Cienfuegia,1
Cinctonema,4
Cissophyllus,4
Citellina,13
Citellinema,0
Citellinoides,0
Cithariniella,4
Cladocephalus,3
Clarkus,32
Clavicauda,3
Clavicaudoides,12
Clavinema,3
Clementeia,4
Cloacina,19
Cnizostrongylus,0
Coarctadera,9
Cobbia,18
Cobbionema,6
Cobboldina,1
Cobbonchulus,1
Cobbonchus,41
Codiostomum,1
Colbranium,1
Colobostrongylus,0
Colporhabditis,1
Columbostrongylus,0
Comephoronema,8
Comesa,11
Comesoma,19
Comesomoides,1
Congerinema,1
Conilia,3
Coninckia,7
Conispiculum,0
Contortylenchus,12
Contracaecum,50
Coomansinema,9
Coomansus,34
Cooperia,9
Copemania,0
Coprotylenchus,0
Cordicauda,0
Cordonicola,2
Corethrellonema,1
Cornilaimus,1
Cornurella,1
Corollonema,0
Corollostrongylus,0
Coronocephalus,2
Coronocyclus,0
Corononema,3
Coronostoma,7
Coronostrongylus,1
Corpicracens,1
Corydiella,2
Corythostoma,3
Cosalaimus,4
Coslenchus,45
Cosmocephalus,14
Cosmocerca,45
Cosmocercella,2
Cosmocercoides,31
Cosmostrongylus,0
Cosmoxynema,1
Cosmoxynemoides,3
Costanemella,1
Courduriella,0
Cranifera,2
Craspedonema,5
Crassibucca,6
Crassicauda,14
Crassinema,1
Crassogula,1
Crassolabium,45
Crassolaimus,2
Crassonchus,6
Crateronema,3
Craterostomum,1
Creagrocercus,3
Crenatobronema,0
Crenopharynx,14
Crenosoma,9
Crestanema,1
Crestonchulus,1
Cretaciaphelenchoides,1
Cretacimermis,9
Cretodiplogaster,1
Cribronema,1
Cricodorylaimus,2
Cricohalalaimus,1
Cricolaimus,2
Criconema,50
Criconemella,50
Criconemoides,50
Criptonchus,5
Cristamphidelus,7
Cristitectus,1
Crocodorylaimus,15
Crocodylocapillaria,1
Croconema,17
Croserinema,3
Crossocephalus,1
Crossonema,50
Crossophorus,4
Cruorifilaria,0
Crustafila,1
Crustorhabditis,8
Cruzia,2
Cruznema,17
Crycophorus,0
Cryonema,2
Cryphodera,1
Cryptaphelenchoides,1
Cryptaphelenchus,17
Cryptenoplus,1
Cryptolaimus,2
Cryptonchus,5
Ctenascarophis,2
Ctenodactylina,1
Cucullanus,50
Cucullitylenchus,1
Culicimermis,4
Cupostomella,1
Curvicaudatum,0
Curviditis,7
Curvidorylaimus,2
Curvolaimus,5
Cuticonema,1
Cuticularia,9
Cutidiplogaster,1
Cyartonema,10
Cyatholaimus,50
Cyathonchus,1
Cyathoshiva,1
Cyathospirura,2
Cyathostoma,8
Cyathostomum,9
Cyclobulura,0
Cyclodontostomum,1
Cyclopsinema,0
Cyclostrongylus,0
Cyclozone,1
Cygnonema,3
Cylicocyclus,10
Cylicodontophorus,5
Cylicolaimus,9
Cylicospirura,2
Cylicostephanus,7
Cylicostrongylus,0
Cylindrolaimus,25
Cylindropharynx,0
Cynura,5
Cyrnea,6
Cyrtosomum,1
Cystidicola,10
Cystidicoloides,5
Cystocaulus,2
Cystofilaria,0
Cystoopsis,2
Cytolaimium,4
Dacnitis,2
Dacnitoides,2
Dactylaimoides,1
Dactylaimus,1
Dactyluraxonchium,2
Dagda,3
Daniconema,1
Daptonema,50
Dartevellenia,0
Dasylaimus,1
Dasynemella,7
Dasynemoides,16
Daubaylia,2
Daubneyia,0
Davenema,1
Dayellus,1
Decamermis,1
Decorataria,1
Decrusia,0
Deficephalobus,3
Deladenus,25
Delatylus,1
Deletrocephalus,1
Deleyia,2
Delicata,20
Deliria,0
Deltanema,1
Demaniella,8
Demonema,1
Dentatonema,1
Denticulella,5
Denticulospirura,0
Dentinema,0
Dentiphilometra,3
Dentirumai,1
Dentolaimoides,0
Dentomermis,1
Dentostomella,6
Deontolaimus,29
Deontostoma,26
Dermatopallarya,1
Dermatoxys,12
Desmicola,9
Desmidocerca,2
Desmidocercella,3
Desmodora,50
Desmodorella,16
Desmognathinema,0
Desmolaimoides,1
Desmolaimus,23
Desmolorenzenia,13
Desmoscolex,50
Desmotimmia,1
Desmotricoma,1
Desportesius,15
Dessetfilaria,0
Dessetia,1
Dessetostrongylus,0
Devibursaphelenchus,4
Diaphanocephalus,0
Diastolaimus,5
Dicelis,1
Diceloides,0
Dicerocola,0
Diceronema,1
Dicheilonema,2
Dichelyne,35
Dichromadora,41
Dictyocaulus,11
Didelphonema,0
Didelphostrongylus,0
Didelphoxyuris,1
Didelphyoptera,0
Didelphysoma,0
Didelta,7
Didilia,1
Digitiphilometroides,1
Dinetia,4
Dintheria,1
Dioctophyme,1
Dioctowittus,0
Diodontolaimus,4
Diomedenema,3
Dipetalonema,3
Diphterophora,41
Diphtherophora,41
Diplobathylaimus,1
Diplogaster,50
Diplogasteriana,3
Diplogasteritus,30
Diplogasteroides,47
Diplogastrellus,20
Diplolaimella,16
Diplolaimelloides,14
Diplonema,1
Diplopeltis,17
Diplopeltoides,22
Diplopeltula,36
Diploscapter,18
Diploscapteroides,8
Diplotriaena,16
Diptenchus,1
Dipteromermis,1
Dirofilaria,4
Dirofilariaeformia,0
Dirofilarionema,0
Discocriconemella,40
Discoditis,2
Discolaimium,50
Discolaimoides,19
Discolaimus,50
Discomermis,1
Discomyctus,10
Disconema,9
Discopersicus,1
Discotylenchus,9
Dispharynx,5
Dispira,1
Distolabrellus,7
Ditlevsenella,5
Ditremamermis,2
Ditylenchus,50
Divisispiculimermis,0
Diximermis,2
Doanhnema,5
Dogielophis,0
Dolichodera,1
Dolichodorus,26
Dolicholaimus,17
Dolichorhabditis,6
Dolichosomatum,1
Doliolaimus,1
Dollfusnema,1
Dollfusstrongylus,0
Domorganus,10
Donsinema,1
Donsinemella,1
Dorcopsinema,2
Dorcopsistrongylus,1
Dorella,1
Doronchus,2
Dorydorella,3
Dorylaimellus,50
Dorylaimoides,50
Dorylaimopsis,34
Dorylaimus,50
Doryllium,19
Doryonchus,0
Dracogalerus,4
Dracognomus,8
Dracograllus,32
Draconactus,2
Draconema,40
Dracotoronema,0
Dracunculus,3
Draschia,1
Drasico,2
Drepanodorylaimus,22
Drilocephalobus,11
Drilomermis,1
Drilonema,0
Dromaeostrongylus,0
Dujardinascaris,20
Dukerostrongylus,0
Dunnifilaria,0
Duosulcius,2
Duplicaecum,0
Durettechina,0
Durettenema,2
Durettestrongylus,0
Duriella,1
Durikainema,2
Durinema,2
Echinocephalus,29
Echinocoleus,3
Echinodesmodora,3
Echinodorus,2
Echinomermella,2
Echinotheristus,2
Echinuria,12
Echinurioides,0
Echonema,0
Ecphyadophora,11
Ecphyadophoroides,9
Ecuadorus,1
Ecumenicus,4
Edesonfilaria,0
Egtitis,32
Ekphymatodera,0
Ektaphelenchoides,14
Ektaphelenchus,20
Elaeolenchus,0
Elaeophora,2
Elaphonema,6
Elaphostrongylus,3
Eleutherolaimus,29
Elzalia,13
Enchelidiella,1
Enchelidium,16
Enchodeloides,1
Enchodelus,50
Enchodorus,3
Encholaimus,2
Endeolophos,5
Enoplochilus,1
Enoploides,48
Enoplolaimus,50
Enoplus,50
Entaphelenchus,6
Enterobius,23
Entomelas,5
Eomermis,0
Eophasma,1
Epacanthion,34
Epacrolaimus,3
Epicharinema,1
Epidorylaimus,17
Epimenides,1
Epitobrilus,21
Epomidiostomum,6
Epsilonema,27
Equilophos,2
Equinurbia,0
Ereptonema,8
Esocinema,1
Etamphidelus,17
Ethmodora,0
Ethmolaimus,22
Eubostrichus,16
Eucephalobus,34
Euchromadora,48
Euchromanema,2
Eucoleus,25
Eucyathostomum,0
Eudorylaimus,50
Eudromoxyura,2
Eudronema,1
Eufilaria,4
Eulimdana,12
Eumermis,4
Eumonhystera,50
Euryconema,2
Eurymermis,34
Eurystomina,50
Eustrongylides,8
Eusynonchus,2
Euteratocephalus,8
Eutobrilus,41
Eutylenchus,7
Euzetoda,0
Evaginuris,1
Excisa,1
Expressonema,1
Ezonema,0
Falcaustra,50
Falcihasta,4
Fastigiuris,1
Fellicola,1
Fenestrolaimus,5
Fergusobia,32
Feroxides,1
Fescia,1
Ficophagus,23
Ficotylus,1
Fictor,48
Filaria,50
Filarinema,1
Filariopsis,1
Filarissima,0
Filaroides,6
Filenchus,50
Filicapitis,0
Filipjeva,7
Filipjevia,4
Filiponema,4
Filitonchoides,1
Filitonchus,3
Filoncholaimus,6
Filostrongylus,0
Filotermes,1
Fissicauda,0
Fitzsimmonsnema,1
Flagicaudoides,1
Flannerystrongylus,1
Fleuronema,3
Foleyella,1
Foleyellides,10
Foliostoma,0
Fontesia,0
Fontonema,1
Formicitylenchus,0
Formicodiplogaster,1
Fotolaimus,3
Fraglenchus,1
Freitasascaris,0
Freitascapillaria,1
Freitasia,0
Freitastrongylus,0
Fuellebornema,0
Fukumotonema,3
Funaria,18
Fungiotonchium,5
Furconema,1
Fuscheila,2
Fuscicorpa,0
Fusivermis,1
Fusonema,1
Gaigeria,0
Gairleanema,2
Galebia,1
Galeiceps,0
Galinanema,1
Gallegostrongylus,1
Galoncus,0
Gammanema,17
Gammarinema,8
Gammaromermis,4
Gastromermis,50
Gatesnema,0
Gazellostrongylus,0
Gendrespirura,0
Gendria,12
Geocenamus,50
Geomonhystera,30
Geopetitia,1
Geoscaphenema,1
Geraldius,1
Gerlachius,2
Gerthus,4
Gessyella,1
Gibsonnema,0
Gilsonema,2
Glaber,3
Glistrongylus,1
Globocephaloides,0
Globocephalus,2
Globodera,21
Glochidorella,6
Glochinema,8
Glomerinema,4
Gnathostoma,11
Gnomoxyala,1
Gobindonema,2
Goezia,31
Goferus,1
Goffartia,7
Golovatchinema,1
Gomphionchus,0
Gomphionema,5
Gongylonema,17
Gonionchus,14
Gonofilaria,0
Goodeyella,1
Gopalus,1
Gopheruris,1
Gordiomermis,1
Gracilacus,50
Gracilancea,1
Grahamius,1
Grammocephalus,1
Granonchulus,6
Granulinema,2
Graphidiella,1
Graphidioides,0
Graphidiops,0
Graphidium,1
Graphinema,0
Graphonema,19
Grassenema,1
Greeffiella,14
Greeffiellopsis,1
Gryllophila,12
Gubalonus,1
Gubernaculimermis,1
Gubernaculomeres,0
Guerrerostrongylus,1
Guitartia,1
Gullanema,1
Gurltia,0
Guyanema,2
Gyalocephalus,1
Gymnotylenchus,3
Gymnotyleptus,2
Gynaecometra,1
Gynopoecilia,0
Gyrinicola,6
Habronema,7
Hadjelia,1
Hadrodenus,2
Hadronchoides,2
Hadronchulus,3
Hadronchus,7
Haematozoon,3
Haemonchus,2
Hakynema,1
Halalaimus,50
Halanonchus,10
Halaphanolaimus,11
Halenchus,5
Halicephalobus,11
Halichoanolaimus,46
Halicylindrolaimus,1
Halinema,4
Haliplectus,33
Halocercus,18
Halodorylaimus,2
Halomonhystera,22
Hamatospiculum,4
Hammerschmidtiella,15
Hapalomus,2
Haplacis,1
Haplodidentus,0
Haplonema,1
Haptotricoma,3
Haroldakis,0
Harpagonchoides,1
Harpagonchus,2
Hartertia,4
Hartwichia,1
Hasanuddinia,2
Hasegawanema,5
Hassalstrongylus,2
Hastospiculum,0
Hatterianema,0
Haycocknema,1
Hedruris,25
Hekarella,1
Heleidomermis,3
Helicobelondira,1
Heliconema,22
Helicotylenchus,50
Heligmodentostoma,0
Heligmonella,2
Heligmonina,0
Heligmonoides,1
Heligmoptera,0
Heligmosomoides,12
Heligmosomum,13
Heligmostrongylus,0
Heligmus,1
Helionema,0
Helmabia,6
Helminthoxys,10
Hemicaloosia,12
Hemicriconemoides,50
Hemicycliophora,50
Hemiplectus,1
Hempelia,0
Hepatinema,0
Hepatojarakus,0
Hepatospina,0
Heptochona,5
Herpetostrongylus,1
Heterakis,26
Heterocephalobellus,4
Heterocephalobus,30
Heterocheilus,4
Heterodera,50
Heterodorus,32
Heterogonema,1
Heteromorphotylenchus,0
Heteromyoxyuris,2
Heteropleuronema,1
Heterorhabditis,38
Heterospiculum,1
Heterostrongylus,0
Heterotylenchus,7
Heterotyphlum,2
Heteroxynema,11
Heth,46
Hexamermis,50
Hexametra,2
Hexapapillostomum,0
Hexatylus,10
Heydenius,9
Heynsaxonchium,1
Hieminema,1
Hilgertia,2
Himatidiophila,1
Hippopotamenema,1
Hirschmanniella,50
Histiocephalus,1
Histiostrongylus,1
Histodytes,1
Histotylenchus,7
Hoazinstrongylus,0
Hoepplius,1
Hofmaenneria,12
Homungella,2
Hoplodontophorus,1
Hoplolaimus,27
Hoplotylus,8
Hopperia,17
Hovorkonema,0
Howardula,11
Hsiungia,0
Huffmanela,22
Hughjonestrongylus,9
Hugotdiplogaster,1
Hugotnema,0
Hulqus,3
Huntia,1
Hyalaimus,1
Hydrochoerisnema,0
Hydromermis,50
Hylonema,0
Hyostrongylus,1
Hypocristata,0
Hypodontolaimus,45
Hypodontus,0
Hyptiolaimus,1
Hysterothylacium,50
Hystrichis,6
Hystrignathus,28
Ibipora,5
Ibrahimia,0
Ichthyocephaloides,5
Ichthyofilaria,6
Ichthyostrongylus,0
Ichthyouris,7
Ichtyobronema,2
Icosiella,1
Icthyocephalus,16
Idioblaptus,1
Idiodorylaimus,7
Idiuoxyuris,2
Ierestrongylus,0
Iheringascaris,4
Illium,2
Immanigula,1
Imosmermis,0
Impalaia,0
Imparispiculus,0
Incanema,1
Incurvinema,1
Indiana,7
Indocapillaria,1
Indocephalobus,1
Indoditylenchus,0
Indofilaria,0
Indorhabditis,0
Ingenia,2
Inglamidum,0
Inglechina,0
Ingliseria,1
Inglisonema,0
Inglisubulura,0
Ingwenascaris,2
Innocuonema,13
Intasia,4
Ionema,7
Iotonchium,6
Iotonchulus,5
Iotonchus,50
Ipatjevimermis,2
Iponema,1
Irantylenchus,1
Ironella,4
Ironus,33
Isacanthonchus,1
Ischilinema,1
Ischiodorylaimus,14
Isobinema,4
Isolaimium,13
Isomermis,18
Isospirura,0
Isthmusimermis,7
Itaguaiana,2
Ivaschkinonema,1
Ixonema,3
Jaidenema,1
Japanema,1
Jarryella,2
Javellia,0
Jensenonchus,7
Jibacoa,2
Johnpearsonia,0
Johnstonia,0
Johnstonmawsonia,5
Johnstonmawsonoides,0
Josefilaria,0
Judonchulus,5
Justinema,0
Kahmannia,1
Kalicephalus,6
Kallidorylaimus,1
Kalmanmolnaria,1
Kamegainema,2
Kantbhala,5
Karkinochromadora,2
Kashmira,1
Kathlania,4
Kentropyxia,3
Kenyanema,1
Keralanema,1
Keratonema,1
Khalilia,0
Kiluluma,2
Kinonchulus,1
Kirjanovia,1
Kittidorylaimus,1
Kiwinema,0
Klossiella,3
Klossinemella,1
Klossnema,1
Klugea,12
Kochinema,8
Koerneria,47
Kolodorylaimus,1
Kosswigonema,1
Krampia,3
Kraspedonema,2
Krefftascaris,0
Kreisiella,0
Kreisoncholaimus,1
Kreisonema,1
Krishnasamyos,1
Kuala,0
Kunjudorylaimus,2
Kuntzistrongylus,0
Kurikania,2
Kurochkinitylenchus,1
Labeonema,2
Labiduris,3
Labiobulura,1
Labiostomum,5
Labiostrongylus,0
Labronema,50
Labronemella,15
Labrys,0
Laevides,15
Lagenonema,8
Lagochilascaris,0
Lagostonema,0
Lagostrongylus,0
Laimaphelenchus,13
Laimella,15
Laimydorus,50
Lamanema,0
Lamotheoxyuris,1
Lamyronema,1
Lanceimermis,36
Lanzavecchia,2
Lappetascaris,3
Lappnema,1
Latocephalus,11
Latronema,12
Lauratonema,14
Lauratonemella,1
Lauratonemoides,3
Lauroia,0
Lauronema,1
Laurophragus,1
Laurostrongylus,0
Laurotravassoxyuris,1
Lawtonema,2
Laxamphidelus,6
Laxonema,1
Laxus,9
Ledovitia,10
Leidynema,14
Leidynemella,5
Leiperenia,1
Leiperiatus,0
Leipernema,0
Leipoanema,0
Leiuris,0
Lelenchus,11
Lemdana,3
Lemuricola,5
Lemurostrongylus,0
Lenonchium,7
Lepidonema,4
Leptepsilonema,11
Leptodera,22
Leptojacobus,1
Leptolaimidae,2
Leptolaimoides,15
Leptolaimus,50
Leptonchus,17
Leptonemella,12
Leptoplectonema,2
Leptosomatidae,11
Leptosomatides,17
Leptosomatina,4
Leptosomatum,42
Leptosomella,2
Lepusius,1
Lesjan,1
Lesleyella,1
Levipalatum,1
Libyostrongylus,1
Limnomermis,50
Limonchulus,4
Lindseyus,5
Linhomoeidae,9
Linhomoella,2
Linhomoeus,45
Linhystera,4
Linolaimus,1
Linstowimermis,4
Linstowinema,1
Linustrongylus,0
Lispirurus,0
Lissonema,1
Listia,3
Litinium,23
Litoditis,4
Litomosa,6
Litomosoides,1
Litonema,1
Litotes,1
Litylenchus,2
Loa,1
Loaina,0
Lobatorobius,1
Lobocapillaria,3
Lobocriconema,31
Lockenloia,1
Loffienema,1
Loncharionema,2
Longibucca,4
Longibulbophora,1
Longicyatholaimus,36
Longidorella,50
Longidoridae,3
Longidoroides,16
Longidorus,50
Longilaimus,2
Longimermis,0
Longior,5
Longistriata,22
Longistrongylus,1
Longitubopharynx,1
Loofilaimus,1
Lordellonema,15
Loveninema,2
Loxodontofilaria,0
Lucionema,1
Luella,0
Lugamermis,2
Lukonema,1
Lutznema,0
Luzonema,0
Lyranema,1
Macacanema,0
Macdonaldius,0
Maciela,1
Mackerrastrongylus,1
Macramphida,1
Macrochromadora,0
Macrodontium,1
Macrolaimellus,5
Macrolaimus,16
Macronchus,1
Macropicola,0
Macroponema,0
Macropostrongyloides,0
Macropostrongylus,0
Macropoxyuris,2
Macrostrongylus,1
Macrotobrilus,1
Macrotrophurus,1
Macuahuitloides,1
Madafilaroides,0
Madangiostrongylus,0
Madathamugadia,0
Madelinema,0
Madochotera,0
Mainspinostrongylus,0
Makatinus,16
Malaistrongylus,0
Malakhovia,1
Malaspinanema,1
Malayfilaria,1
Malayocamallanus,0
Malayometastrongylus,0
Maldivea,2
Malekus,2
Malenchus,50
Malvinema,0
Mammalakis,4
Mammanidula,0
Mammomonogamus,0
Manganonema,9
Mansonella,2
Manunema,5
Maplestonema,0
Maracaya,0
Maragnopsia,1
Margaronchuloides,1
Margaronchulus,2
Margolisianum,1
Margollus,4
Margonema,2
Marilynia,17
Marimermis,3
Mariostrongylus,0
Mariporrocaecum,1
Marisalbinema,1
Marispelodera,1
Marshallagia,4
Marsupostrongylus,0
Martadamsonius,4
Martininema,4
Marylynnia,24
Maseria,1
Mastigonema,1
Mastigospirura,0
Mastophorus,2
Matthesonema,3
Maupasina,0
Mawsonascaris,8
Mawsonema,1
Mawsonfilaria,0
Maxomystrongylus,0
Maxvachonia,7
Mazamastrongylus,2
Mazzia,0
Mbaisonema,0
Mbanema,0
Mecistocirrus,1
Medibulla,0
Mediolaimus,1
Megacooperia,0
Megadesmolaimus,7
Megadontolaimus,2
Megalamphis,2
Megalobatrachonema,11
Megalomermis,0
Megamphidelus,1
Megaonchulus,1
Mehdiascaris,2
Mehdiella,7
Mehdilaimus,1
Mehdinema,2
Meiodorus,3
Meloidodera,4
Meloidoderella,0
Meloidoderita,4
Meloidogyne,50
Meloinema,5
Meningonema,0
Mentecle,3
Merliniidae,2
Merlinius,50
Mermis,50
Mermithidae,48
Mermithonema,3
Mertensinema,0
Mesacanthion,50
Mesacanthoides,10
Mesamidostomum,1
Mesidionema,0
Mesocriconema,50
Mesodorylaimus,50
Mesomermis,50
Mesonema,12
Mesorhabditis,50
Metabronema,9
Metachromadora,50
Metachromadoroides,3
Metacomesoma,4
Metacrobeles,3
Metacrolobus,1
Metactinolaimus,2
Metacyatholaimus,9
Metacylicolaimus,4
Metacyrnea,0
Metadasynemella,6
Metadasynemoides,5
Metadesmodora,3
Metadesmolaimus,20
Metadorylaimus,1
Metaglochinema,2
Metalaimus,2
Metalinhomoeus,40
Metamphidelus,3
Metanisakis,5
Metaparasitylenchus,10
Metaparoncholaimus,5
Metaphanoderma,13
Metaporcelaimus,25
Metaraeolaimoides,1
Metarhabditis,14
Metasabatiera,1
Metascaris,0
Metasphaerolaimus,10
Metastrongylidae,50
Metastrongylus,7
Metateratocephalus,6
Metathelazia,1
Metaxonchium,15
Metenoploides,2
Metepsilonema,19
Meteterakis,7
Metheligmonella,0
Metoncholaimoides,3
Metoncholaimus,29
Mexiconema,1
Meximermis,0
Meyersia,6
Meylia,5
Meylis,3
Meylonema,1
Micatonchus,3
Micipsella,1
Micoletzkya,31
Micoletzkyia,17
Miconchus,41
Micracanthonchus,1
Microdorylaimus,11
Microfilaria,1
Microhadjelia,1
Microlaimidae,23
Microlaimus,50
Micromicron,2
Micronematodum,0
Micropleura,1
Microtetrameres,7
Miculenchus,6
Migonella,0
Mikenema,4
Minolaimus,4
Minutostrongylus,0
Miranema,1
Mirzaiella,8
Mirzaloptera,0
Missimstrongylus,1
Misticius,0
Mitoaxonchium,15
Mitranema,2
Moaciria,1
Moennigia,1
Moguranema,0
Mohibiella,1
Molgolaimus,47
Molinacuaria,0
Molineus,3
Molinofilaria,0
Molinostrongylus,21
Molossinema,0
Molostrongylus,0
Monanema,0
Monhystera,50
Monhysterida,3
Monhysteridae,32
Monhysterides,3
Monhysteroides,2
Monhystrella,47
Monhystrium,5
Monilonema,0
Monodelphoxyuris,1
Monodontus,0
Mononchida,2
Mononchidae,3
Mononchoides,50
Mononchulus,2
Mononchus,50
Monopetalonema,0
Monoposthia,33
Monoposthiidae,5
Monoposthioides,2
Monotrichodorus,8
Monovaria,0
Montistrongylus,2
Montonchus,1
Mooleptus,1
Morasia,3
Moravecia,2
Moravecnema,1
Morgascaridia,0
Morlaixia,2
Morulaimus,12
Mudwigglus,6
Muellerius,2
Mukazia,1
Mukhina,1
Multicaecum,0
Multidens,0
Mulveyellus,9
Murielus,0
Murshidia,0
Muspicea,2
Musserakis,1
Myctolaimus,19
Myenchus,2
Myleusnema,0
Mylonchulus,50
Myolaimus,25
Myoryctes,1
Myrmeconema,2
Nacobbus,5
Nagelus,38
Namaquanema,1
Namibnema,1
Nanidorus,8
Nannolaimoides,3
Nannolaimus,6
Nanomermis,4
Napolitana,2
Narsingiella,0
Nasistrongylus,0
Necator,1
Necolaimus,1
Nemanema,14
Nemanoke,0
Nematimermis,1
Nematoda,5
Nematodirella,3
Nematodiroides,1
Nematodirus,21
Nematoideum,1
Nematomystes,0
Nemavermes,1
Nemhelix,0
Neoactinolaimus,37
Neoalloionema,2
Neoascarophis,9
Neobakernema,8
Neocamacolaimus,1
Neochromadora,41
Neocooperia,0
Neocosmocercella,2
Neocylicostrongylus,0
Neodiplogaster,12
Neodiplopeltula,11
Neoditylenchus,4
Neodolichodorus,14
Neodolichorhynchus,24
Neoentomelas,0
Neogoezia,9
Neoheligmonella,1
Neoheterakis,0
Neohilgertia,1
Neohistiostrongylus,1
Neoichthyostrongylus,0
Neoleptus,1
Neolimnomermis,5
Neolobocriconema,16
Neomermis,4
Neomesomermis,7
Neomisticius,3
Neomurshidia,0
Neoomeia,1
Neoparacamallanus,0
Neoparaseuratum,1
Neoparasitylenchus,15
Neoparathelandros,0
Neophilometroides,2
Neoprotozoophaga,0
Neopsilenchus,14
Neorhabditis,2
Neorhabditostomum,0
Neosomatiana,1
Neospinitectus,0
Neospirocerca,0
Neosteinernema,0
Neostrongyloides,0
Neostrongylus,1
Neosynodontisia,1
Neoterranova,4
Neothada,7
Neotobrilus,22
Neotonchus,16
Neotylenchidae,19
Neotylenchus,8
Neotylocephalus,6
Neoxysomatium,2
Nesomystrongylus,0
Neurella,1
Nevadanema,1
Neyrapharyngodon,0
Nicascolaimus,1
Nicollina,0
Nigronchus,1
Nijhoffia,1
Nilonema,2
Nimigula,1
Nippostrongylus,2
Nochtia,0
Noctuidonema,1
Noffsingeria,2
Nordiidae,4
Noteodiplogaster,0
Nothacrobeles,22
Nothanguina,0
Nothocriconemoides,5
Nothotylenchoides,0
Nothotylenchus,37
Notonectomermis,1
Notosabatieria,1
Nouvelnema,1
Novadelonema,0
Nudora,16
Nugininema,1
Nullonchus,4
Nunema,1
Nycteridostrongylus,0
Nygellus,5
Nygmatonchus,8
Nygolaimellus,4
Nygolaimidae,6
Nygolaimium,1
Nygolaimoides,7
Nygolaimus,50
Obainia,7
Obeliscoides,1
Oceanicucullanus,3
Ochetocephalus,0
Ochoterenella,0
Octomermis,9
Octomyomermis,18
Octonchus,1
Odilia,19
Odonatomermis,7
Odontanticoma,2
Odontobius,5
Odontogeton,1
Odontolaimus,4
Odontopharynx,3
Odontophora,50
Odontophoroides,2
Odontorhabditis,1
Odontospirura,0
Odontoterakis,0
Oesophagodontus,1
Oesophagomermis,21
Oesophagostomoides,0
Oesophagostomum,16
Ogma,50
Ohbayashinema,0
Ohridiidae,6
Oigolaimella,12
Oionchus,8
Okapinema,0
Okapistrongylus,0
Okinawandros,1
Okranema,2
Oligaphelenchoides,2
Oligodiplogaster,0
Oligonchulus,1
Oligoplectus,1
Ollulanus,1
Omeia,0
Omicronema,9
Onchiolistia,3
Onchiomermis,2
Onchium,10
Onchocerca,10
Onchocercella,0
Onchocercidae,50
Oncholaimellinae,6
Oncholaimelloides,1
Oncholaimellus,21
Oncholaimidae,12
Oncholaimoides,3
Oncholaimus,50
Onchulus,11
Oncophora,7
Onepunema,2
Oniscicula,0
Onychonema,7
Onyx,25
Oostenbrinkella,3
Oostenbrinkia,0
Operculorhabditis,1
Ophidascaris,6
Opisthodorylaimus,1
Orientatractis,12
Orientostrongylus,0
Orientylus,0
Oriverutus,5
Ornithocapillaria,0
Ornithonema,0
Ornithostrongylus,3
Orphreyus,5
Orrina,0
Orthomermis,1
Orthophallonema,1
Orthostrongylus,0
Orthothominx,0
Ortleppascaris,1
Ortleppnema,1
Ortleppstrongylus,0
Oryctonema,2
Oscheius,50
Oslerus,2
Osstella,1
Ostertagia,29
Oswaldocruzia,31
Oswaldofilaria,2
Oswaldonema,0
Oswaldostrongylus,0
Otostrongylus,2
Ottolenchus,34
Ovomermis,8
Oxyascaris,1
Oxydirus,15
Oxynema,4
Oxyonchus,24
Oxysomatium,20
Oxyspirura,5
Oxystomina,50
Oxystominidae,9
Oxystomininae,9
Oxyuricassis,3
Oxyuridae,6
Oxyuris,50
Oxyuronema,1
Ozolaimus,6
Pachydorylaimus,2
Pakira,1
Palaeoallantonema,6
Palaeoanguina,1
Palaeoaphelenchoides,1
Palaeoarachnus,1
Palaeocosmocerca,1
Palaeodiplogaster,1
Palaeoenoploides,1
Palaeonema,0
Palaeoparasitylenchus,1
Palaeorhabditis,1
Palaeotetradonema,2
Paleoiotonchium,1
Paleothelastoma,1
Panagrellus,15
Panagrobelium,0
Panagrobelus,8
Panagrodontus,7
Panagrolaimidae,26
Panagrolaimoidea,4
Panagrolaimoides,2
Panagrolaimomorpha,2
Panagrolaimus,50
Panagrolobus,1
Panagromacra,2
Panagroteratus,3
Pancreatonema,3
Pandolaimus,7
Panduripharynx,4
Papillabrum,1
Papillonema,2
Papillosetaria,0
Papillostrongylus,0
Papuaphelenchus,0
Parabronema,1
Paracamallanus,3
Paracameronia,1
Paracanthocheilonema,0
Paracanthonchus,50
Paracapillaria,5
Paracapillaroides,2
Paracephalobus,2
Parachromadorita,1
Paracomesoma,21
Paracooperia,0
Paracooperioides,0
Paracrassibucca,2
Paracrenosoma,3
Paracrobeles,5
Paractinolaimus,34
Paracuaria,6
Paracyatholaimoides,4
Paracyatholaimus,39
Paracylicolaimus,1
Paracyrnea,0
Paradeletrocephalus,0
Paradesmodora,7
Paradichromadora,1
Paradolichodera,1
Paradollfusnema,0
Paradorylaimus,12
Paradoxolaimus,1
Paradoxorhabditis,1
Paradoxostrongylus,0
Paradraconema,12
Paradujardinia,1
Paraegialoalaimus,1
Paraethmolaimus,3
Parafilaria,4
Parafilaroides,9
Paragnomoxyala,3
Paragonionchus,1
Paragraphidium,0
Parahadronchus,11
Paraheligmonella,3
Paraheligmonelloides,7
Paraheligmonina,1
Paraheterotyphlum,2
Parahistiostrongylus,1
Parahystrignathus,1
Paraichthyocephalus,1
Paraicosiella,1
Paraiotonchium,2
Parakongonema,1
Paralabiostrongylus,2
Paralaeuris,2
Paraleiuris,0
Paraleptonema,1
Paraleptus,7
Paralibyostrongylus,0
Paralinhomoeus,47
Parallelocoilas,1
Paralongicyatholaimus,5
Paralongidorus,34
Paramacropostrongylus,0
Paramadochotera,0
Paramarylynnia,3
Paramerlinius,12
Paramermis,41
Paramesacanthion,24
Paramesonchium,4
Paramicrolaimus,10
Paramidostomum,0
Paramonohystera,34
Paramononchus,11
Paramphidelus,29
Paramphimonhystrella,9
Paramylonchulus,20
Paranisakiopsis,4
Paranisakis,17
Paranticoma,12
Paranygolaimus,1
Paraochoterenella,0
Paraorientatractis,1
Paraoxydirus,4
Paraoxyuronema,2
Parapalus,1
Paraphanoderma,1
Paraphanolaimus,19
Parapharyngodon,50
Parapharyngostrongylus,0
Paraphelenchus,27
Paraphilometroides,1
Paraphysaloptera,0
Parapinnanema,12
Paraplectonema,7
Paraplesiohedruris,1
Parapoteriostomum,2
Parapristionchus,1
Paraprocta,0
Paraproctonema,1
Paraquimperia,2
Pararaeolaimus,5
Pararhabditis,1
Pararhabdonema,0
Pararhyssocolpus,1
Pararotylenchus,2
Pararugopharynx,0
Parasabanema,2
Parasaurositus,0
Parasaveljevia,5
Parascaris,1
Parascarophis,2
Parascolaimus,5
Paraseinura,1
Paraseuratoides,1
Paraseuratum,3
Parasitaphelenchus,17
Parasitodiplogaster,17
Parasitorhabditis,50
Parasitylenchoides,8
Parasitylenchus,19
Parasomatium,0
Parasphaerolaimus,19
Paraspiculuris,4
Paraspidodera,0
Paraspiralatus,0
Paraspirura,0
Parastomachoglossa,3
Parastomonema,2
Parastrongyloides,7
Parasubulura,0
Parasynodontisia,1
Paraterschellingia,3
Parathalassoalaimus,1
Parathelandros,13
Paratractis,1
Paratrichodorus,39
Paratrichosoma,0
Paratricoma,5
Paratrilobus,9
Paratripyla,3
Paratripyloides,3
Paratrophurus,27
Paratuerkiana,1
Paratylencholaimus,0
Paratylenchus,50
Paraustrostrongylus,0
Paraustroxyuris,1
Paravulvus,8
Paraxonchium,6
Parazoniolaimus,0
Paregletylenchus,1
Parelaphostrongylus,0
Parelzalia,1
Parenoplus,2
Pareudesmoscolex,5
Pareurystomina,20
Parironus,7
Parkellus,10
Paroctonchus,1
Parodontophora,31
Paroigolaimella,18
Paronchocerca,3
Parostertagia,0
Paroxystomina,2
Parvinema,2
Passalidophila,1
Passalurus,4
Passeristrongylus,0
Patagonema,1
Patagoniella,0
Patricialina,0
Paulianfilaria,0
Paurodontella,6
Paurodontoides,0
Paurodontus,0
Pearsonema,6
Pectinospirura,4
Pelagonemella,1
Pelaogonema,16
Pelecitus,20
Pelicanascaris,0
Pellioditis,43
Pelodera,50
Peltamigratus,3
Penjatinema,2
Pennisia,1
Pentadentoptera,1
Pentatomimermis,1
Peplorhabditis,1
Peramelistrongylus,1
Peraphelenchus,2
Perepsilonema,14
Pericyema,0
Perioplectus,2
Perodira,2
Perspiria,13
Perutilimermis,1
Peterngus,0
Petrovifilaria,0
Petrovinema,3
Phacochoerostrongylus,0
Phaenoncholaimus,1
Phalacronema,1
Phallaxonchium,1
Phanoderma,42
Phanodermatidae,2
Phanodermella,3
Phanodermopsis,16
Pharurus,8
Pharyngodon,47
Pharyngodonidae,4
Pharyngonema,2
Pharyngostrongylus,2
Phascolostrongylus,0
Phasmarhabditis,22
Phellonema,3
Pheromermis,18
Pheronous,2
Philometra,50
Philometroides,45
Philonema,9
Phlyctainophora,2
Phocanema,6
Phocascaris,5
Phreatomermis,2
Phyllolaimus,2
Phylloncholaimus,0
Physaloptera,18
Physalopteridae,18
Physalopterinae,1
Physalopteroides,1
Physocephalus,1
Pierantonia,0
Pierrickia,3
Pingus,0
Piratuba,0
Piratuboides,0
Piscicapillaria,3
Pithecostrongylus,0
Placentonema,2
Placoconus,0
Placodira,2
Platocamallanus,0
Platonova,2
Platycoma,5
Platycomopsis,15
Plectidae,4
Plectolaimus,3
Plectonchus,14
Plectus,50
Plesioungella,0
Pleurotylenchus,2
Plutellonema,0
Pneumocaulus,0
Pneumonema,0
Pneumospirura,0
Pneumostrongylus,0
Podocnematractis,1
Poekilostrongylus,0
Pogonomystrongylus,1
Poikilolaimus,19
Polenchus,3
Polkepsilonema,4
Polydelphis,0
Polydelphyoptera,0
Polygastrophoides,1
Polygastrophora,16
Polyonchulus,3
Polysigma,2
Pomponema,40
Pontonema,45
Popovastrongylus,0
Porocoma,1
Poronemella,2
Porrocaecum,44
Portmacquaria,1
Postamphidelus,1
Posthalocercus,0
Potensaphelenchus,1
Poteriostomum,2
Potorostrongylus,0
Potoroxyuris,2
Practinocephalus,3
Praeacanthonchus,11
Praecocilenchus,0
Praeputirhabditis,1
Pratinema,1
Pratylenchoides,36
Pratylenchus,50
Prescafilotermes,2
Prestwoodia,0
Primasubulura,0
Prionchulellus,1
Prionchuloides,1
Prionchulus,43
Prismatolaimidae,1
Prismatolaimus,35
Pristionchus,50
Pristionema,1
Probstmayria,3
Procamacolaimus,11
Procamallanus,25
Procephalobus,4
Prochaetosoma,23
Prochromadora,14
Prochromadorella,50
Procyonostrongylus,0
Procyrnea,2
Prodesmodora,12
Prodomorganus,1
Prodontorhabditis,8
Prodorylaimium,5
Prodorylaimus,50
Profilarinema,0
Progreeffiella,2
Proheterorhabditis,1
Proleptonchoides,1
Proleptonchus,15
Proleptus,23
Prolinhomoeus,1
Promiconchus,4
Promonhystera,6
Proncholaimus,14
Prooncholaimus,14
Propanagrolaimus,2
Proparasitylenchus,8
Propharyngodon,2
Proplatycoma,5
Prorhynchonema,2
Prosphaerolaimus,2
Prospinitectus,2
Prosungulonema,2
Protenema,0
Prothallonema,0
Protocylindrocorpus,3
Protodorylaimus,1
Protofilaria,0
Protorhabditis,28
Protospirura,0
Protostrongylus,9
Prototricoma,4
Protozoophaga,1
Protrellatus,5
Protrelleta,4
Protrelloides,2
Protrellus,16
Protricoma,5
Protricomoides,1
Protylenchus,2
Proyseria,2
Psammomermis,24
Psammonema,3
Pselionema,21
Pseudabbreviata,0
Pseudacrobeles,3
Pseudalius,11
Pseudamidostomum,1
Pseudanisakis,8
Pseudaphelenchus,6
Pseudaplectana,0
Pseudaprocta,2
Pseudaraeolaimus,5
Pseudascarophis,4
Pseudaspiculuris,1
Pseudaspidodera,0
Pseudechinotheristus,1
Pseudelzalia,1
Pseudhalenchus,7
Pseudlemdana,1
Pseudoaulolaimus,1
Pseudoaviculariella,0
Pseudocapillaria,15
Pseudocella,31
Pseudocheironchus,1
Pseudochromadora,15
Pseudocruzia,0
Pseudocyrtosomum,1
Pseudodelphis,7
Pseudodesmicola,1
Pseudodesmodora,4
Pseudodilaimus,1
Pseudodiomedenema,0
Pseudodiplogasteroides,3
Pseudofilaria,0
Pseudohaplonema,0
Pseudoheligmosomum,0
Pseudolella,17
Pseudolitomosa,0
Pseudomazzia,1
Pseudomermis,13
Pseudometachromadora,2
Pseudomicrolaimus,4
Pseudoncholaimus,13
Pseudonchulus,1
Pseudonchus,13
Pseudonymus,13
Pseudopelagonema,3
Pseudophysaloptera,2
Pseudoplatycoma,1
Pseudoproleptus,16
Pseudorictularia,1
Pseudosteineria,16
Pseudostertagia,0
Pseudostrongyloides,0
Pseudostrongyluris,0
Pseudoterranova,7
Pseudoterschellingia,1
Pseudothamugadia,0
Pseudoxyascaris,0
Psilenchus,31
Psocidonema,1
Psychodorhabditis,3
Psyllomermis,0
Psyllotylenchus,21
Pternepsilonema,1
Pteronemella,1
Pteronium,1
Pterothominx,6
Pterotylenchus,0
Pterygodermatites,7
Pterygonema,8
Pterygorhabditis,6
Ptychaphelenchus,0
Ptycholaimellus,23
Pudica,4
Pulchranemella,1
Pulchrascaris,5
Pulchrocephala,2
Pulicimermis,0
Pulmostrongylus,0
Punchaulus,0
Punctodera,6
Punctodora,6
Pungentus,32
Pygarginema,0
Pygecantha,1
Quadricoma,43
Quadricomoides,7
Quadrimermis,5
Quadriplotriaena,0
Quasiamidostomum,0
Quasibrilus,2
Quasithelazia,8
Qudsianema,1
Qudsianematidae,11
Quentinstrongylus,0
Quilonia,0
Quimperia,1
Quinisulcius,24
Rabbium,0
Radopholoides,7
Radopholus,50
Rafiqius,2
Ragenema,0
Rahmium,0
Raillietascaris,1
Raillietnema,5
Ransomnema,12
Ransomus,0
Raonema,3
Raphidascarididae,9
Raphidascaris,24
Raphidascaroides,20
Rasheedia,5
Rattustrongylus,0
Rauschia,0
Rauschivingylus,0
Rauschoxyuris,1
Rauschtineria,2
Reesimermis,8
Reiterina,6
Retrotheristus,1
Rhabdias,50
Rhabditella,20
Rhabditida,7
Rhabditidae,13
Rhabditidoides,10
Rhabditinae,50
Rhabditis,50
Rhabditoides,17
Rhabditolaimus,37
Rhabditonema,2
Rhabditophanes,7
Rhabditostomum,0
Rhabdochona,50
Rhabdochonidae,21
Rhabdocoma,10
Rhabdodemania,29
Rhabdolaimidae,2
Rhabdolaimus,19
Rhabdotoderma,1
Rhabpanus,3
Rhadinema,2
Rhaptothyreius,2
Rhaptothyreus,2
Rhigonema,50
Rhigonematoidea,3
Rhinema,3
Rhinocerotonema,0
Rhinoclemmysnema,1
Rhips,9
Rhitilla,0
Rhitis,8
Rhizonemella,0
Rhodolaimus,18
Rhodonema,2
Rhomborhabditis,2
Rhynchomermis,3
Rhynchonema,39
Rhyssocolpus,10
Richtersia,27
Rictularia,15
Rictularina,0
Rictularioides,0
Ridgellus,1
Riouxgolvania,3
Ritenbenkia,1
Robbea,10
Robertdollfusa,3
Robleus,0
Robustnema,1
Robustodorus,4
Rodentanema,1
Rodentocaulus,1
Rodentogamus,0
Rogerus,3
Romanomermis,20
Rondonema,6
Rondonia,2
Roqueus,2
Rostellascaris,1
Rostrulium,2
Rotundocollarette,1
Rotylenchoides,0
Rotylenchulus,6
Rotylenchus,50
Roveaphelenchus,0
Royandersonia,1
Rubzovinema,1
Ruehmaphelenchus,7
Rugonema,0
Rugopharynx,0
Rugostrongylus,0
Ruizia,2
Rumai,1
Rumenfilaria,0
Rusguniella,5
Sabanema,0
Sabatieria,50
Sachsia,5
Sachsium,1
Sacrimarinema,3
Sadkonavis,1
Saevadorella,7
Safianema,6
Sakia,11
Salesia,2
Salmonema,1
Salvelinema,2
Sandnema,0
Sanduanensis,1
Saprorhabditis,1
Sarconema,8
Sarisodera,1
Sarsonia,2
Sauertylenchus,5
Sauricola,1
Saurositus,0
Saveljevia,7
Scaptrella,4
Scarabinema,1
Scatonema,1
Schikhobalovia,0
Schistonchus,28
Schistorophus,6
Schmassmannimermis,1
Schneidernema,0
Scholpaniella,1
Schrankiana,2
Schulmanela,1
Schulzia,0
Schulzinema,0
Schuurmanimermis,4
Schwenckiana,0
Sciadiocara,4
Scirtimermis,0
Sciuricola,0
Sciurodendrium,0
Scleralaimus,1
Scleramphidelus,1
Scleroactinolaimus,1
Sclerolaimus,1
Sclerorhabditis,4
Sclerotrichum,0
Scolecophilus,0
Scolytonema,3
Scottnema,1
Scutellonema,38
Scutylenchus,40
Sectonema,15
Seinura,27
Selachinema,3
Selachinematidae,21
Seleborca,13
Semitobrilus,6
Senegalonema,0
Serofilaria,0
Serpentirhabdias,9
Serpinema,14
Serradacnitis,2
Serratospiculoides,1
Serratospiculum,4
Setaria,4
Setonema,1
Setoplectus,4
Setosabatieria,13
Setostephanolaimus,9
Seuratascaris,3
Seuratia,1
Seuratiella,5
Seuratum,5
Seurechina,0
Severianoia,18
Sexansocara,1
Sexansodera,0
Shahnema,5
Shattuckius,0
Sheraphelenchus,3
Shunyanema,0
Sibayinema,1
Sicaguttur,3
Siconema,10
Siconemoides,1
Siddiqia,5
Sigmolenchus,1
Sigmophoranema,5
Silenchus,1
Similascarophis,4
Simondsia,2
Simpliconema,1
Simulimermis,3
Sinanema,4
Singhiella,1
Sinoichthyonema,2
Siphonolaimidae,3
Siphonolaimus,31
Sitadevinema,1
Skarbilovinema,2
Skladnikia,0
Skrjabillaninae,4
Skrjabillanus,7
Skrjabinalius,2
Skrjabinelazia,11
Skrjabinema,4
Skrjabingylus,2
Skrjabinisakis,4
Skrjabinitectus,0
Skrjabinocaulus,0
Skrjabinocerca,4
Skrjabinocercella,0
Skrjabinoclava,33
Skrjabinodera,0
Skrjabinodon,29
Skrjabinofilaria,0
Skrjabinomermis,5
Skrjabinoptera,0
Skrjabinura,0
Skryabineandros,0
Smithsoninema,1
Soaresnema,1
Sobolevingylus,2
Soboliphyme,8
Solafilaria,0
Solenolaimus,1
Solididens,3
Southerniella,15
Spalacina,1
Spartonema,2
Spauligodon,44
Spectatus,1
Sphaeroamphis,1
Sphaerocephalum,4
Sphaerolaimidae,4
Sphaerolaimus,50
Sphaeronema,9
Sphaeronematidae,0
Sphaerotheristus,9
Sphaerularia,1
Sphaerulariidae,9
Sphaerularioidea,10
Spiculimermis,38
Spiculocaulus,1
Spiculopteragia,18
Spiliphera,50
Spilophorella,21
Spilotylenchus,8
Spinicauda,3
Spininematoides,0
Spinitectoides,1
Spinitectus,44
Spinodesmoscolex,1
Spinodiplotriaena,0
Spinonema,4
Spinostrongylus,0
Spinoxyuris,2
Spiralatus,0
Spiramphinema,3
Spirinia,28
Spirobakerus,0
Spirobolbolaimus,3
Spirocamallanus,50
Spirocerca,2
Spirodesma,1
Spironoura,39
Spirophilometra,4
Spirosprattus,0
Spirostrongylus,0
Spiroxys,4
Spirura,22
Spirurida,0
Spiruridae,12
Spirurina,6
Spiruroidea,4
Spiruroides,1
Spiruromorpha,10
Splendidofilaria,9
Sporonchulus,10
Sprattellus,0
Sprattianema,0
Sprentascaris,9
Sprentia,1
Squamasnema,1
Squamofilaria,1
Squamostrongylus,0
Squanema,1
Srivastavanema,0
Stammeria,5
Stammerinema,2
Starobogatovia,1
Stauratostoma,1
Stefanskostrongylus,1
Stegelleta,14
Stegelletina,19
Stegonema,1
Stegophorus,10
Stegorhabditis,1
Steineria,35
Steineridora,5
Steinernema,50
Steinernematidae,4
Steinimermis,1
Stellocaronema,2
Stelmioides,0
Stenonchulus,1
Stenuroides,1
Stenurus,15
Stephanofilaria,0
Stephanolaimus,12
Stephanurus,1
Steratocephalus,1
Stictylus,5
Stilbonema,4
Stilbonematinae,12
Stilestrongylus,2
Stomachorhabditis,5
Stopractinca,5
Strelkovimermis,25
Streptocara,12
Streptopharagus,1
Strianema,0
Striatodora,1
Striatofilaria,1
Strongylacantha,3
Strongyloidea,17
Strongyloides,27
Strongyluris,0
Strongylus,50
Struthiofilaria,0
Stygodesmodora,8
Subanguina,9
Subaspiculuris,1
Subsphaerolaimus,8
Subulascaris,1
Subulura,18
Subuluroidea,2
Sucamphida,1
Sudhausia,3
Suifilaria,0
Suifunema,3
Sulcascaris,1
Sulphuretylenchus,6
Suncinema,0
Sutarostrongylus,0
Suttonema,0
Syafruddinema,3
Sychnotylenchus,4
Syconema,1
Symplocostoma,33
Symplocostomella,6
Syncheilaxonchium,1
Syncuaria,22
Syngamus,6
Syngnathinema,2
Synhimantus,12
Synodontisia,3
Synodontium,5
Synoecnema,5
Synonchiella,21
Synonchium,11
Synonchoides,1
Synonchus,17
Synonema,12
Syphabulea,12
Syphacia,50
Syphaciella,3
Syphaciuris,2
Sypharista,7
Syphatineria,7
Syringolaimus,22
Syringoplatycoma,0
Syrphonema,1
Tachygonetria,31
Tachynema,0
Tadaridanema,0
Takakia,1
Takamangai,30
Talanema,3
Tanqua,0
Tantunema,3
Tanzanius,1
Tapia,1
Tapironema,0
Tarantobelus,2
Tarsubulura,0
Tarvaia,21
Tarvaiidae,1
Tasmanema,0
Tawila,0
Tejeraia,0
Teladorsagia,5
Teleomermis,0
Telomerlinius,2
Telotylenchoides,4
Telotylenchus,30
Tenoranema,1
Tenuidraconema,8
Tenunema,0
Tenunemellus,7
Tenuostrongylus,0
Teporingonema,0
Teratocephalus,30
Teratodiplogaster,4
Teratolobus,7
Teratorhabditis,17
Termirhabditis,1
Ternidens,0
Terranova,30
Terromermis,18
Terschellingia,49
Terschellingioides,1
Tetanonema,0
Tethystrongylus,0
Tetleyus,5
Tetrabothriostrongylus,0
Tetracheilonema,0
Tetradomermis,9
Tetradonema,4
Tetragomphius,0
Tetrameres,14
Tetramermis,5
Tetrarhabditis,0
Tetylenchus,8
Texicospirura,0
Thada,5
Thaistrongylus,0
Thalassironus,11
Thalassoalaimus,25
Thalassogenus,1
Thalassomermis,1
Thalassomonhystera,50
Thalassonema,2
Thallostonema,0
Thamugadia,0
Thaparia,5
Thaumamermis,4
Theileriana,0
Thelandros,48
Thelastoma,50
Thelastomatidae,50
Thelazia,9
Thelonema,2
Theristus,50
Thonus,50
Thoonchus,5
Thoracostoma,50
Thoracostomopsidae,8
Thoracostomopsis,6
Thorneella,2
Thornenema,22
Thorneum,1
Thornia,11
Thorniosa,1
Thraustomermis,0
Thripinema,5
Thubunaea,4
Thylaconema,0
Thylonema,2
Thylostrongylus,0
Tigronchoides,10
Tikusnema,0
Timmia,3
Timminema,1
Timmungella,0
Timmus,1
Tipulacomis,2
Titilleus,1
Tobrilia,2
Tobrilidae,19
Tobriloides,4
Tobrilonchulus,1
Tobrilus,50
Tokobaevimermis,2
Tokorhabditis,3
Tonaudia,0
Tonoscolecinema,0
Torquatoides,1
Torrestrongylus,1
Torsiomermis,1
Torumanawa,1
Torynurus,3
Touzeta,1
Toxascaris,3
Toxocara,5
Trachactinolaimus,3
Trachyglossoides,1
Trachyglossus,1
Trachypharynx,0
Trachypleurosum,6
Traklosia,0
Travassallodapa,1
Travassosascaris,0
Travassosinema,9
Travassosius,1
Travassosnema,0
Travassostrongylus,1
Travnema,2
Trefusia,26
Trefusialaimus,3
Trefusiidae,3
Tremonema,1
Triaulolaimus,1
Tricaenonchus,2
Tricephalobus,10
Triceratonema,0
Tricheilia,1
Tricheilonema,0
Trichenoplus,1
Trichinella,8
Trichochenia,0
Trichodorus,50
Trichofreitasia,0
Trichohelix,0
Tricholeiperia,0
Tricholinstowia,5
Trichonema,1
Trichoskrjabinia,0
Trichosomoides,2
Trichospirura,0
Trichostrongyella,0
Trichostrongylidae,50
Trichostrongylus,20
Trichotheristus,15
Trichotravassosia,0
Trichotylenchus,41
Trichromadora,5
Trichromadorita,2
Trichuris,31
Trichuroides,2
Tricirronema,3
Tricoma,50
Tricotylenchus,41
Tridentellia,1
Tridentocapillaria,0
Tridentoinfundibulum,1
Tridentulus,8
Triepsilonema,1
Trifurcata,0
Trigonostonema,0
Trileptium,12
Triligulla,1
Trilobostrongylus,0
Triodontolaimus,2
Triodontophorus,6
Tripius,4
Triplonchida,6
Triplonchium,10
Tripyla,50
Tripylella,11
Tripylidae,6
Tripylina,1
Tripylium,3
Tripyloides,21
Tripyloididae,11
Trischistoma,25
Trischistomatidae,3
Trissonchulus,18
Trithornus,1
Triumphalisnema,3
Trochamus,7
Troglostrongylus,1
Trogolaimus,3
Trophomera,42
Trophomermis,0
Trophotylenchulus,14
Trophurus,17
Trualaimus,4
Truttaedacnitis,5
Truxonchus,9
Trypanoxyuris,11
Tsuganema,1
Tubixaba,1
Tubolaimella,1
Tubolaimoides,4
Tuerkiana,1
Tumiota,1
Tunicamermis,3
Tupaiostrongylus,0
Turbatrix,4
Turgida,0
Tutunema,1
Tylaphelenchus,3
Tylenchida,0
Tylenchidae,17
Tylenchina,4
Tylenchocriconema,0
Tylenchodoroides,1
Tylenchodorus,1
Tylenchoidea,17
Tylencholaimellidae,4
Tylencholaimellus,32
Tylencholaimoidea,5
Tylencholaimus,50
Tylenchomorpha,6
Tylenchorhynchus,50
Tylenchorhyncus,50
Tylenchorynchus,50
Tylenchulus,9
Tylenchus,50
Tyleptus,6
Tylocephalus,13
Tylodorus,2
Tylolaimophorus,16
Tylopharynx,4
Typhlonema,0
Typhlophoros,4
Typhlopsia,0
Tziminema,1
Udonchus,4
Uliginotylenchus,20
Ultratenella,1
Umingmakstrongylus,0
Uncinaria,14
Ungella,1
Ungulilaimella,1
Ungulilaimus,1
Uniovaria,0
Urbanonema,2
Urodelnema,6
Urucuia,1
Usarpnema,1
Utahnema,1
Utriculimermis,1
Valvaelaimoides,2
Valvaelaimus,2
Vampyronema,0
Vanderlindia,2
Varestrongylus,4
Varotylus,0
Vasculonema,2
Vasorhabdochona,1
Vasostoma,13
Vaucherus,0
Veleshkinema,1
Ventelia,1
Versternema,0
Verutus,1
Vetus,4
Veversia,1
Vexillata,0
Viannaia,4
Viannella,0
Vigisospirura,1
Viguerastrongylus,1
Viguiera,50
Viktorocara,7
Virenodiplogaster,1
Viscosia,50
Viverranisakis,0
Viverrostrongylus,0
Vogeloides,1
Voguracuaria,1
Vulcanonema,2
Wachekitylenchus,4
Waerebekeia,2
Wallabinema,0
Wanaristrongylus,0
Websternema,0
Weisoncholaimus,1
Welchimermis,1
Wellcomia,13
Westindicus,6
Wetanema,2
Wieseria,13
Wiesoncholaimus,1
Willinema,2
Willmottia,0
Wilsonema,14
Woodwardostrongylus,0
Woolleya,0
Wuchereria,0
Wuia,0
Xenella,0
Xennella,5
Xenocordon,0
Xenocriconemella,4
Xenocyatholaimus,1
Xenolaimus,2
Xenonema,1
Xericola,0
Xeroxyuris,1
Xiphinema,50
Xiphinemella,3
Xustrostoma,2
Xyala,18
Xyalidae,50
Xylorhabditis,2
Xyo,5
Xystrognathus,2
Xyzzors,3
Yagansiella,0
Yatesia,0
Yatinema,3
Yeatesinia,1
Yunqueus,1
Zaglonema,0
Zalonema,13
Zalophora,4
Zanenchus,6
Zealandodera,0
Zeatylenchus,1
Zebrincola,0
Zeldia,22
Zenkoxyuris,2
Zoniolaimus,0
Zonothrix,11
Zygocaulus,1
Zygonemella,1
Zygotylenchus,7
Zygradus,2
Zyxispinifer,1
